date,region,actual,predicted
2008-01-01,TX,0.092622,0.07020692591293397
2008-01-02,TX,0.03946,0.04363880360339543
2008-01-03,TX,0.0572,0.06898713675634928
2008-01-04,TX,0.0735,0.06564937787927151
2008-01-05,TX,0.09308,0.06886830301061121
2008-01-06,TX,0.122412,0.06736821469452914
2008-01-07,TX,0.112856,0.05598084546187406
2008-01-08,TX,0.107276,0.08645130052580768
2008-01-09,TX,0.044529,0.0522737007579924
2008-01-10,TX,0.060606,0.09542210418520329
2008-01-11,TX,0.019592,0.04617117308574821
2008-01-12,TX,0.033457,0.05905008168270137
2008-01-13,TX,0.01876,0.035238113353010476
2008-01-14,TX,0.02305,0.04565183189582598
2008-01-15,TX,0.04542,0.06139994778643511
2008-01-16,TX,0.089396,0.07220974522936977
2008-01-17,TX,0.059599,0.08769128716279206
2008-01-18,TX,0.035496,0.04271320840766949
2008-01-19,TX,0.079374,0.08731474895665067
2008-01-20,TX,0.058058,0.09263040991224039
2008-01-21,TX,0.084452,0.08711334986111093
2008-01-22,TX,0.03074,0.05328244545364756
2008-01-23,TX,0.021495,0.04669711969701346
2008-01-24,TX,0.052068,0.05581810877149433
2008-01-25,TX,0.048826,0.0448967871662967
2008-01-26,TX,0.008248,0.022771724980855713
2008-01-27,TX,0.021669,0.059177389729405214
2008-01-28,TX,0.111095,0.08229131848620322
2008-01-29,TX,0.187828,0.084453173499622
2008-01-30,TX,0.111922,0.08355893241808007
2008-01-31,TX,0.198137,0.09655043730576622
2008-02-01,TX,0.06652,0.08936047287310378
2008-02-02,TX,0.040443,0.056142671470125624
2008-02-03,TX,0.053897,0.09293492872159292
2008-02-04,TX,0.137588,0.08555151913607414
2008-02-05,TX,0.167968,0.07440882998235154
2008-02-06,TX,0.082522,0.0825214481614267
2008-02-07,TX,0.067107,0.0939206862642981
2008-02-08,TX,0.065503,0.10567806880063647
2008-02-09,TX,0.00769,0.03739611415999209
2008-02-10,TX,0.018576,0.046396496892616115
2008-02-11,TX,0.045649,0.06397575688855014
2008-02-12,TX,0.098859,0.09967966452695434
2008-02-13,TX,0.052657,0.07065589166336006
2008-02-14,TX,0.13955,0.11236419544092581
2008-02-15,TX,0.055304,0.07346010685580069
2008-02-16,TX,0.089255,0.09289299226670696
2008-02-17,TX,0.079043,0.08710642508384846
2008-02-18,TX,0.036731,0.05082779550142167
2008-02-19,TX,0.03059,0.0579123819089352
2008-02-20,TX,0.028363,0.04586279563721968
2008-02-21,TX,0.030254,0.049148950985823316
2008-02-22,TX,0.032153,0.048625894378736885
2008-02-23,TX,0.06697,0.09842223671618973
2008-02-24,TX,0.023881,0.05269876903816595
2008-02-25,TX,0.107676,0.1421484153496481
2008-02-26,TX,0.249452,0.10631776692177575
2008-02-27,TX,0.03302,0.0713284598806919
2008-02-28,TX,0.125047,0.13644481752904908
2008-02-29,TX,0.06244,0.07558721752472648
2008-03-01,TX,0.039054,0.08393461839994981
2008-03-02,TX,0.192599,0.12361420926453281
2008-03-03,TX,0.366678,0.10270874566949713
2008-03-04,TX,0.102842,0.08204656727147547
2008-03-05,TX,0.056767,0.07833281068793153
2008-03-06,TX,0.103436,0.09521344682024789
2008-03-07,TX,0.193402,0.10637149814562466
2008-03-08,TX,0.027561,0.0695746503103427
2008-03-09,TX,0.077584,0.1000384146598764
2008-03-10,TX,0.061573,0.08806465748063437
2008-03-11,TX,0.016451,0.04452464368484339
2008-03-12,TX,0.033219,0.08292167020942226
2008-03-13,TX,0.087906,0.09584776192295298
2008-03-14,TX,0.07273,0.09083841800725688
2008-03-15,TX,0.06481,0.08585045608887391
2008-03-16,TX,0.121975,0.10195051367329497
2008-03-17,TX,0.233236,0.10665915597332011
2008-03-18,TX,0.2487,0.08660020040375048
2008-03-19,TX,0.182789,0.08768420910328414
2008-03-20,TX,0.055228,0.0795436764322198
2008-03-21,TX,0.04866,0.08098250526998946
2008-03-22,TX,0.016757,0.05219141508463128
2008-03-23,TX,0.096608,0.10575311530402165
2008-03-24,TX,0.0424,0.07765878619276131
2008-03-25,TX,0.136411,0.11934712170372701
2008-03-26,TX,0.139209,0.09523453273078919
2008-03-27,TX,0.177173,0.09851680983165502
2008-03-28,TX,0.066709,0.06388874021539248
2008-03-29,TX,0.02817,0.05562279847370109
2008-03-30,TX,0.063324,0.0891750396597193
2008-03-31,TX,0.136289,0.10375739030634457
2008-04-01,TX,0.074454,0.08994528485878753
2008-04-02,TX,0.027115,0.04728060211360076
2008-04-03,TX,0.113703,0.10370110647963181
2008-04-04,TX,0.119126,0.085611896415041
2008-04-05,TX,0.050561,0.07087057250946828
2008-04-06,TX,0.044759,0.06278144956351174
2008-04-07,TX,0.043087,0.08494841330143608
2008-04-08,TX,0.085329,0.09494705674889846
2008-04-09,TX,0.098128,0.09181488574451564
2008-04-10,TX,0.219221,0.10784355900885984
2008-04-11,TX,0.063575,0.07058114033042835
2008-04-12,TX,0.077173,0.0933289222790511
2008-04-13,TX,0.058596,0.10142845456011727
2008-04-14,TX,0.02255,0.07398430555753013
2008-04-15,TX,0.094833,0.11904500915806042
2008-04-16,TX,0.187253,0.11078338913718072
2008-04-17,TX,0.234005,0.1010933706845496
2008-04-18,TX,0.104214,0.07764803416681099
2008-04-19,TX,0.022118,0.07744182636298663
2008-04-20,TX,0.074938,0.09644329593818309
2008-04-21,TX,0.052933,0.05522837219247866
2008-04-22,TX,0.025508,0.050676469238649054
2008-04-23,TX,0.070272,0.08655787160261523
2008-04-24,TX,0.123463,0.09556083703002753
2008-04-25,TX,0.099896,0.07758053739450961
2008-04-26,TX,0.043096,0.07256832407460866
2008-04-27,TX,0.116846,0.10910175608239267
2008-04-28,TX,0.044665,0.06793664105770118
2008-04-29,TX,0.046518,0.07967206753118042
2008-04-30,TX,0.162411,0.11397858787199809
2008-05-01,TX,0.197773,0.1097034794848711
2008-05-02,TX,0.122559,0.07350920758022803
2008-05-03,TX,0.079283,0.10645343629208405
2008-05-04,TX,0.039979,0.0463360115371197
2008-05-05,TX,0.057097,0.0750320985389642
2008-05-06,TX,0.078664,0.07850701132356677
2008-05-07,TX,0.167322,0.09431031196166365
2008-05-08,TX,0.041822,0.06105072744949554
2008-05-09,TX,0.030251,0.04833028397945651
2008-05-10,TX,0.057868,0.07819503291431644
2008-05-11,TX,0.094335,0.09956239215398847
2008-05-12,TX,0.067244,0.0766638282538615
2008-05-13,TX,0.090065,0.08920359853404326
2008-05-14,TX,0.066792,0.07196915612142997
2008-05-15,TX,0.042765,0.06396358304278739
2008-05-16,TX,0.046693,0.050464178689585255
2008-05-17,TX,0.014682,0.02770914215659867
2008-05-18,TX,0.011173,0.02708610041732812
2008-05-19,TX,0.032888,0.04110595478167823
2008-05-20,TX,0.034659,0.038155762719928404
2008-05-21,TX,0.074191,0.0784032751049498
2008-05-22,TX,0.206726,0.11889054290424789
2008-05-23,TX,0.140209,0.08836652333015076
2008-05-24,TX,0.068763,0.06872104846049777
2008-05-25,TX,0.084669,0.07712713649929219
2008-05-26,TX,0.10063,0.08559793983705952
2008-05-27,TX,0.088301,0.07402106721423285
2008-05-28,TX,0.045791,0.04750505299754945
2008-05-29,TX,0.050055,0.06437243547009111
2008-05-30,TX,0.059037,0.072518791609296
2008-05-31,TX,0.052857,0.04735073863606067
2008-06-01,TX,0.056973,0.07335383053038114
2008-06-02,TX,0.090411,0.09029479112029991
2008-06-03,TX,0.155497,0.10332449225335577
2008-06-04,TX,0.239078,0.11343219893827781
2008-06-05,TX,0.390754,0.11613412504711888
2008-06-06,TX,0.189574,0.08792382086527147
2008-06-07,TX,0.17636,0.09830836155902271
2008-06-08,TX,0.174806,0.0966853918095638
2008-06-09,TX,0.116401,0.07540269309101444
2008-06-10,TX,0.064904,0.06812013227630256
2008-06-11,TX,0.15601,0.10739158040352893
2008-06-12,TX,0.142012,0.09445052283833763
2008-06-13,TX,0.083414,0.06817743888056321
2008-06-14,TX,0.04496,0.061956933078709225
2008-06-15,TX,0.051462,0.04582070378410739
2008-06-16,TX,0.062645,0.0713765013213849
2008-06-17,TX,0.068481,0.06740215619069478
2008-06-18,TX,0.033382,0.06006012774700929
2008-06-19,TX,0.051257,0.062006434948979096
2008-06-20,TX,0.053381,0.06255626137989871
2008-06-21,TX,0.02883,0.06283299639875953
2008-06-22,TX,0.014789,0.0362964169696246
2008-06-23,TX,0.027375,0.06292743433610316
2008-06-24,TX,0.058429,0.07075278344112959
2008-06-25,TX,0.078493,0.07232408994631957
2008-06-26,TX,0.091169,0.08022970518436381
2008-06-27,TX,0.10322,0.0795668498609514
2008-06-28,TX,0.101517,0.07704381038600515
2008-06-29,TX,0.049922,0.05610401260606669
2008-06-30,TX,0.022933,0.04547880637232844
2008-07-01,TX,0.022603,0.062289465490061084
2008-07-02,TX,0.031559,0.059998218168860716
2008-07-03,TX,0.038505,0.06010393614052777
2008-07-04,TX,0.031009,0.05949293195299773
2008-07-05,TX,0.033737,0.05956550733099594
2008-07-06,TX,0.052754,0.03945727370752613
2008-07-07,TX,0.074906,0.07218380716906185
2008-07-08,TX,0.049981,0.034755647948750065
2008-07-09,TX,0.028214,0.03595088844428354
2008-07-10,TX,0.041028,0.04095437777650673
2008-07-11,TX,0.074491,0.07585261069339826
2008-07-12,TX,0.068705,0.04802286955785166
2008-07-13,TX,0.030576,0.03729844474635248
2008-07-14,TX,0.020949,0.027398681411614043
2008-07-15,TX,0.027571,0.0382186977688254
2008-07-16,TX,0.026642,0.03754662960994779
2008-07-17,TX,0.025192,0.03743114657087846
2008-07-18,TX,0.025667,0.03805614571961079
2008-07-19,TX,0.027127,0.037915902052982675
2008-07-20,TX,0.021657,0.035556033316408504
2008-07-21,TX,0.018281,0.026589280992359396
2008-07-22,TX,0.034563,0.038063678214863964
2008-07-23,TX,0.092896,0.06870395862394597
2008-07-24,TX,0.117593,0.061274210659805754
2008-07-25,TX,0.06419,0.043609346345877494
2008-07-26,TX,0.027433,0.035713474568466415
2008-07-27,TX,0.027598,0.036406240166309875
2008-07-28,TX,0.040379,0.03900256626908281
2008-07-29,TX,0.047803,0.03996913873200651
2008-07-30,TX,0.037102,0.035076678296303995
2008-07-31,TX,0.030962,0.03454431460162999
2008-08-01,TX,0.030006,0.03627917075383072
2008-08-02,TX,0.022387,0.035556033316408504
2008-08-03,TX,0.026222,0.03737607539859447
2008-08-04,TX,0.02244,0.03599340631595477
2008-08-05,TX,0.047284,0.05371976126439889
2008-08-06,TX,0.042042,0.03764678053181021
2008-08-07,TX,0.022093,0.0338506505051841
2008-08-08,TX,0.018101,0.02513272408597982
2008-08-09,TX,0.029588,0.03792166815994235
2008-08-10,TX,0.055456,0.04914465179995838
2008-08-11,TX,0.053319,0.02977121669590995
2008-08-12,TX,0.036432,0.029287397290881655
2008-08-13,TX,0.018998,0.027642068014146075
2008-08-14,TX,0.013336,0.021131300384343875
2008-08-15,TX,0.033231,0.040200446960438285
2008-08-16,TX,0.021841,0.026907535495142448
2008-08-17,TX,0.009238,0.019401152003330584
2008-08-18,TX,0.010243,0.02079905848559415
2008-08-19,TX,0.012381,0.02095268168563888
2008-08-20,TX,0.011365,0.02080381177447305
2008-08-21,TX,0.018473,0.028330511216968796
2008-08-22,TX,0.030883,0.030867405308415252
2008-08-23,TX,0.010973,0.019745007162276496
2008-08-24,TX,0.007601,0.020338143467813843
2008-08-25,TX,0.008848,0.01850913417842671
2008-08-26,TX,0.010686,0.020301946729564205
2008-08-27,TX,0.016202,0.027460989421922904
2008-08-28,TX,0.012394,0.018676517323181856
2008-08-29,TX,0.01653,0.027286012371751905
2008-08-30,TX,0.018128,0.028165827378539787
2008-08-31,TX,0.01674,0.026967562770051738
2008-09-01,TX,0.025909,0.029364995180794398
2008-09-02,TX,0.067558,0.04766370018575928
2008-09-03,TX,0.104342,0.048088352426757866
2008-09-04,TX,0.0231,0.02124388714164318
2008-09-05,TX,0.00991,0.021022726627721283
2008-09-06,TX,0.014643,0.02108879055414181
2008-09-07,TX,0.018875,0.028042523190028184
2008-09-08,TX,0.024101,0.027345802100340315
2008-09-09,TX,0.017865,0.026557181551260637
2008-09-10,TX,0.015137,0.02549134521586354
2008-09-11,TX,0.02283,0.02618130058387179
2008-09-12,TX,0.053237,0.034496246533040766
2008-09-13,TX,0.174029,0.08480176386496194
2008-09-14,TX,0.061796,0.03213672775392796
2008-09-15,TX,0.05013,0.029649104534591075
2008-09-16,TX,0.021635,0.024386080770841093
2008-09-17,TX,0.007572,0.022250412534725907
2008-09-18,TX,0.006746,0.020694449410110526
2008-09-19,TX,0.007193,0.02002105872938958
2008-09-20,TX,0.008223,0.0202120629988068
2008-09-21,TX,0.019579,0.03094875840410089
2008-09-22,TX,0.030724,0.0332680210981875
2008-09-23,TX,0.022497,0.02712947036109278
2008-09-24,TX,0.022979,0.03238241596681318
2008-09-25,TX,0.019282,0.028920367358108094
2008-09-26,TX,0.005838,0.02077727281929661
2008-09-27,TX,0.002822,0.013565926796378172
2008-09-28,TX,0.001905,0.014066225539403664
2008-09-29,TX,0.005075,0.014855171679260122
2008-09-30,TX,0.006028,0.02193121848453384
2008-10-01,TX,0.002935,0.014521273243184618
2008-10-02,TX,0.00592,0.02184702810845206
2008-10-03,TX,0.02105,0.03222171548817605
2008-10-04,TX,0.062419,0.052996974437084246
2008-10-05,TX,0.101762,0.05270517745118948
2008-10-06,TX,0.058737,0.037854189094002975
2008-10-07,TX,0.041662,0.04584738089037399
2008-10-08,TX,0.009082,0.02171219878937419
2008-10-09,TX,0.020886,0.03827255753896888
2008-10-10,TX,0.03668,0.04119084689249632
2008-10-11,TX,0.046687,0.04103687160048185
2008-10-12,TX,0.089897,0.05716411387208542
2008-10-13,TX,0.049271,0.028083341960420796
2008-10-14,TX,0.036209,0.033500919289705285
2008-10-15,TX,0.020801,0.03175652109006641
2008-10-16,TX,0.032667,0.03614475829025529
2008-10-17,TX,0.010596,0.022394180414718315
2008-10-18,TX,0.011593,0.025586650564376322
2008-10-19,TX,0.01309,0.02604058323154938
2008-10-20,TX,0.008166,0.02476631997440321
2008-10-21,TX,0.012793,0.026890991483560375
2008-10-22,TX,0.093107,0.07125677800054384
2008-10-23,TX,0.068085,0.04669250797378162
2008-10-24,TX,0.007115,0.023875427288363317
2008-10-25,TX,0.005748,0.027178573742005392
2008-10-26,TX,0.025378,0.04419289319694754
