run_id,engine,task_name,dataset_scale,start_time,end_time,runtime_seconds,row_count,notes,success,error_message
2a508558-5953-4aea-ab83-ccbf5a9a2049,spark,filter_year_region,small,1777894440.676133,1777894448.4118538,7.735720872879028,3568158,run_1,True,
e424beda-c659-44ff-a491-be147760a626,spark,filter_year_region,small,1777894448.4119208,1777894449.3343651,0.9224443435668945,3568158,run_2,True,
9096dec5-61c7-4de7-9304-c82d47959c3b,spark,filter_year_region,small,1777894449.334412,1777894450.075677,0.741264820098877,3568158,run_3,True,
aa125c2e-5721-442a-991e-37a46f17cc58,spark,daily_region_aggregation,small,1777894450.0757332,1777894452.4928474,2.4171142578125,366,run_1,True,
d6a98134-8e34-4abe-adee-16c22fe3921c,spark,daily_region_aggregation,small,1777894452.4929056,1777894453.7346232,1.2417175769805908,366,run_2,True,
089f079c-fb8a-4b5e-b8fe-481246dc0591,spark,daily_region_aggregation,small,1777894453.7346811,1777894455.0588286,1.3241474628448486,366,run_3,True,
08419511-2233-4f5b-beb9-f3d5e7e5af9e,spark,grouped_temporal_summaries,small,1777894455.0589116,1777894456.3189058,1.2599942684173584,12,run_1,True,
798aaa0d-4d1a-4dca-8328-3109f098c782,spark,grouped_temporal_summaries,small,1777894456.3189588,1777894457.4518313,1.1328725814819336,12,run_2,True,
1fad77ce-6303-4904-8546-9a2bfd41ce9d,spark,grouped_temporal_summaries,small,1777894457.4518852,1777894458.1949217,0.7430365085601807,12,run_3,True,
