year,state,avg_capacity_factor,avg_wind_speed_ms,day_count
1995,AL,0.02163392328767123,3.120885753424658,365
1995,AR,0.028298421917808212,3.236893150684932,365
1995,AZ,0.030284446575342468,3.1102452054794525,365
1995,CA,0.04196898904109589,3.2678076712328767,365
1995,CO,0.04629979452054795,3.6366624657534246,365
1995,CT,0.03188429315068493,3.507368767123288,365
1995,DE,0.03960063287671233,3.575349315068493,365
1995,FL,0.03203888493150685,3.495776164383562,365
1995,GA,0.024816983561643836,3.118506849315069,365
1995,IA,0.0688628301369863,4.3567953424657535,365
1995,ID,0.03981715890410959,3.020658904109589,365
1995,IL,0.06436861369863014,4.294946575342466,365
1995,IN,0.05876103287671233,4.166850410958904,365
1995,KS,0.08784510684931505,4.77943397260274,365
1995,KY,0.027420043835616435,3.3575591780821923,365
1995,LA,0.029341821917808222,3.316249315068493,365
1995,MA,0.0626654602739726,4.395941095890411,365
1995,MD,0.03110040821917808,3.3484890410958905,365
1995,ME,0.03454207671232876,3.2273832876712327,365
1995,MI,0.04805955890410959,3.9072802739726025,365
1995,MN,0.05512097808219177,3.7846287671232877,365
1995,MO,0.051393742465753435,4.0510753424657535,365
1995,MS,0.020216276712328764,2.8741076712328772,365
1995,MT,0.07269472602739727,4.005354794520547,365
1995,NC,0.025949536986301373,3.1816715068493147,365
1995,ND,0.09690870410958903,4.963281095890411,365
1995,NE,0.08194431506849315,4.65558410958904,365
1995,NH,0.08372804109589041,4.348892876712328,365
1995,NJ,0.04609834794520548,3.914895890410959,365
1995,NM,0.06819086575342467,4.1849410958904105,365
1995,NV,0.04989275068493151,3.560712328767123,365
1995,NY,0.05739705205479452,4.019439452054795,365
1995,OH,0.06214093150684931,4.2238156164383565,365
1995,OK,0.06808414794520548,4.511415342465753,365
1995,OR,0.03999535068493151,3.1755619178082197,365
1995,PA,0.03985570410958903,3.6738131506849303,365
1995,RI,0.08614679726027398,5.0444928767123285,365
1995,SC,0.02408649315068493,3.2913956164383564,365
1995,SD,0.07884336164383561,4.43479095890411,365
1995,TN,0.02403005205479452,2.9672334246575347,365
1995,TX,0.06307892328767123,4.268322465753425,365
1995,UT,0.03695793150684932,2.937147123287671,365
1995,VA,0.027872082191780823,2.9752832876712327,365
1995,VT,0.03526612328767123,3.2775871232876717,365
1995,WA,0.032102,3.187279726027397,365
1995,WI,0.052671904109589045,4.0091279452054795,365
1995,WV,0.01755653698630137,2.7751008219178086,365
1995,WY,0.07450282191780823,3.8986627397260265,365
1996,AL,0.023122,3.046521857923497,366
1996,AR,0.03447511202185793,3.4398338797814207,366
1996,AZ,0.03868183333333333,3.3529718579234973,366
1996,CA,0.04590338797814207,3.404735792349727,366
1996,CO,0.05815168852459016,3.7671319672131145,366
1996,CT,0.0356747868852459,3.47560218579235,366
1996,DE,0.062489019125683054,4.098690710382514,366
1996,FL,0.03714975136612021,3.5935631147540987,366
1996,GA,0.024740748633879782,2.9859032786885247,366
1996,IA,0.07348795901639345,4.363981967213116,366
1996,ID,0.047446887978142074,3.230485519125683,366
1996,IL,0.0707650655737705,4.455528961748634,366
1996,IN,0.06097268852459016,4.18569918032787,366
1996,KS,0.10629023224043717,5.052599726775956,366
1996,KY,0.0294634781420765,3.2066248633879777,366
1996,LA,0.035589352459016406,3.4337262295081965,366
1996,MA,0.07013695355191257,4.386851366120218,366
1996,MD,0.03459851092896175,3.2313038251366115,366
1996,ME,0.04249238797814207,3.384217486338798,366
1996,MI,0.04530935245901639,3.8094516393442617,366
1996,MN,0.055907860655737704,3.858124043715847,366
1996,MO,0.05915834972677595,4.2388745901639355,366
1996,MS,0.02084964207650273,2.8527934426229513,366
1996,MT,0.0828464262295082,4.1926344262295085,366
1996,NC,0.034697360655737704,3.342519398907104,366
1996,ND,0.10599688797814211,5.119513114754098,366
1996,NE,0.09774702732240438,4.871691530054645,366
1996,NH,0.07844395355191257,4.1280456284153,366
1996,NJ,0.05073784699453553,3.873977868852459,366
1996,NM,0.07541902459016393,4.301869945355192,366
1996,NV,0.047514893442622955,3.4486969945355197,366
1996,NY,0.057244868852459024,3.90990655737705,366
1996,OH,0.06580843169398908,4.279551366120219,366
1996,OK,0.09578517486338799,4.929859016393443,366
1996,OR,0.03920884153005465,3.150509836065574,366
1996,PA,0.04014000273224043,3.518102459016393,366
1996,RI,0.08446096174863386,4.815676229508197,366
1996,SC,0.03092536885245901,3.424115300546448,366
1996,SD,0.08994022404371584,4.639790163934427,366
1996,TN,0.032126401639344264,3.112177868852459,366
1996,TX,0.08006781967213115,4.648182513661202,366
1996,UT,0.043325491803278694,3.1875284153005463,366
1996,VA,0.033695133879781416,3.0686871584699458,366
1996,VT,0.025662521857923493,2.688188524590164,366
1996,WA,0.03288451092896175,3.2124830601092897,366
1996,WI,0.05385100819672132,4.055877595628416,366
1996,WV,0.018484789617486334,2.774323770491803,366
1996,WY,0.08756847814207651,4.14832650273224,366
1997,AL,0.018435906849315068,2.988829589041096,365
1997,AR,0.02613273424657534,3.1416457534246574,365
1997,AZ,0.036780821917808224,3.3287912328767124,365
1997,CA,0.04581830136986302,3.4759827397260272,365
1997,CO,0.04876617808219178,3.529877260273973,365
1997,CT,0.035494758904109594,3.512949863013699,365
1997,DE,0.05957942465753424,4.17896301369863,365
1997,FL,0.02970521643835617,3.453545753424658,365
1997,GA,0.019577342465753426,2.9297112328767128,365
1997,IA,0.06995779726027397,4.196357260273973,365
1997,ID,0.04115083561643836,3.1225687671232882,365
1997,IL,0.0596979808219178,4.215948219178083,365
1997,IN,0.05709760547945206,4.141285205479453,365
1997,KS,0.07879382191780822,4.562737534246575,365
1997,KY,0.020566046575342466,2.8876879452054802,365
1997,LA,0.031161430136986298,3.295125205479452,365
1997,MA,0.0660858301369863,4.2633939726027394,365
1997,MD,0.03635073698630137,3.412656438356164,365
1997,ME,0.03459493150684932,3.1943783561643837,365
1997,MI,0.04171731780821918,3.6742575342465753,365
1997,MN,0.05353625753424657,3.7426572602739725,365
1997,MO,0.041353695890410956,3.739898904109589,365
1997,MS,0.015671901369863014,2.721630136986301,365
1997,MT,0.08004746301369862,4.03903698630137,365
1997,NC,0.028252827397260274,3.2239775342465755,365
1997,ND,0.10992149863013696,5.136146301369863,365
1997,NE,0.09402025753424657,4.748180547945205,365
1997,NH,0.0725343397260274,4.29562,365
1997,NJ,0.05199065205479452,3.920166849315069,365
1997,NM,0.060281156164383565,4.011391780821918,365
1997,NV,0.04425503287671233,3.416735890410959,365
1997,NY,0.05919640821917808,4.050478630136986,365
1997,OH,0.05637162739726027,4.0148334246575335,365
1997,OK,0.06929411506849315,4.459736164383561,365
1997,OR,0.032759199999999995,2.9159194520547946,365
1997,PA,0.044252197260273976,3.673190684931506,365
1997,RI,0.0757798,4.73788794520548,365
1997,SC,0.024480465753424656,3.273798630136987,365
1997,SD,0.08980471780821918,4.498288767123288,365
1997,TN,0.022225526027397264,2.843018630136986,365
1997,TX,0.05456092876712328,4.118594520547945,365
1997,UT,0.0421798301369863,3.2084671232876714,365
1997,VA,0.030440246575342465,3.0292090410958905,365
1997,VT,0.022104852054794517,2.5537320547945206,365
1997,WA,0.03598504383561644,3.230996438356164,365
1997,WI,0.04510467123287671,3.7233279452054795,365
1997,WV,0.017855528767123287,2.7090816438356167,365
1997,WY,0.07957276438356163,3.9782334246575344,365
1998,AL,0.021354438356164383,2.98623397260274,365
1998,AR,0.022127252054794516,2.991193424657534,365
1998,AZ,0.036195882191780826,3.4685838356164376,365
1998,CA,0.042752909589041106,3.385246575342465,365
1998,CO,0.06144026301369863,4.02449095890411,365
1998,CT,0.03810260547945205,3.684082739726028,365
1998,DE,0.044792509589041095,3.8862172602739724,365
1998,FL,0.036049928767123283,3.60130904109589,365
1998,GA,0.019341753424657535,2.8179347945205477,365
1998,IA,0.06345274520547946,4.19877698630137,365
1998,ID,0.04495921369863014,3.5760205479452054,365
1998,IL,0.046313046575342465,3.7562405479452057,365
1998,IN,0.042165553424657526,3.5295109589041096,365
1998,KS,0.08411813698630137,4.670407671232877,365
1998,KY,0.02001913698630137,2.842503561643836,365
1998,LA,0.0350987205479452,3.448078356164384,365
1998,MA,0.042995238356164395,3.5211961643835616,365
1998,MD,0.03635695068493151,3.4701101369863014,365
1998,ME,0.03398091780821918,3.42030301369863,365
1998,MI,0.0452198,3.815540547945206,365
1998,MN,0.05212522191780822,3.943322465753424,365
1998,MO,0.047320131506849314,3.845616986301369,365
1998,MS,0.017791827397260273,2.7048608219178085,365
1998,MT,0.07048025753424658,3.966423835616438,365
1998,NC,0.025150939726027395,3.088031780821918,365
1998,ND,0.0739526,4.513398630136986,365
1998,NE,0.07284047671232877,4.360942465753426,365
1998,NH,0.020617378082191776,2.5470186301369866,365
1998,NJ,0.03927557260273972,3.574540547945205,365
1998,NM,0.07351215068493151,4.307732602739726,365
1998,NV,0.04733079452054794,3.482116164383562,365
1998,NY,0.04640215342465754,3.713918082191781,365
1998,OH,0.035670271232876714,3.4341652054794527,365
1998,OK,0.07670134794520547,4.626644657534246,365
1998,OR,0.036414690410958905,3.066924109589041,365
1998,PA,0.03045047397260273,3.2557158904109587,365
1998,RI,0.07078144931506848,4.545651780821919,365
1998,SC,0.028359536986301365,3.300944109589041,365
1998,SD,0.07318503835616438,4.296320000000001,365
1998,TN,0.021574830136986304,2.882565479452055,365
1998,TX,0.06942299726027398,4.44986712328767,365
1998,UT,0.05736984383561644,3.9032501369863017,365
1998,VA,0.030502868493150686,3.1781142465753427,365
1998,VT,0.0199247698630137,2.3980172602739724,365
1998,WA,0.03255552328767123,3.2923926027397257,365
1998,WI,0.044021082191780816,3.8418498630136986,365
1998,WV,0.011888112328767126,2.2975312328767123,365
1998,WY,0.0779102301369863,3.9673339726027392,365
1999,AL,0.01722724109589041,2.6313046575342467,365
1999,AR,0.02050930684931507,2.810341369863014,365
1999,AZ,0.04037034246575343,3.3438476712328766,365
1999,CA,0.04311565479452055,3.282613698630137,365
1999,CO,0.07604302465753424,4.27194,365
1999,CT,0.05258562739726027,4.082996164383562,365
1999,DE,0.04578957967032967,4.097251923076922,364
1999,FL,0.028652128767123287,3.3293953424657534,365
1999,GA,0.016059128767123287,2.59630794520548,365
1999,IA,0.07907375616438356,4.533219726027396,365
1999,ID,0.05289756164383562,3.6681145205479457,365
1999,IL,0.047028717808219184,3.8359890410958903,365
1999,IN,0.04779655616438356,3.8025435616438363,365
1999,KS,0.08993419178082192,4.827557260273972,365
1999,KY,0.024462301369863007,3.0701479452054787,365
1999,LA,0.029011046575342463,3.144820273972603,365
1999,MA,0.05131968493150685,3.697932602739726,365
1999,MD,0.04468831232876712,3.7931309589041096,365
1999,ME,0.04495137534246575,3.6331380821917807,365
1999,MI,0.044826361643835605,3.713855068493151,365
1999,MN,0.060681126027397246,3.9803200000000003,365
1999,MO,0.04822915616438355,3.9362194520547944,365
1999,MS,0.016216698630136986,2.6127041095890418,365
1999,MT,0.0881129178082192,4.309449589041097,365
1999,NC,0.026168731506849313,2.956937534246575,365
1999,ND,0.09989608219178084,4.918779726027398,365
1999,NE,0.08837782465753424,4.640058082191781,365
1999,NH,0.024053054794520547,2.5742438356164383,365
1999,NJ,0.03845926027397261,3.446436712328768,365
1999,NM,0.07735860273972603,4.323854794520549,365
1999,NV,0.05313875890410959,3.59416904109589,365
1999,NY,0.051080098630136996,3.8556068493150684,365
1999,OH,0.040694243835616435,3.6448367123287677,365
1999,OK,0.07515370958904112,4.484276986301369,365
1999,OR,0.043197775342465744,3.236003287671233,365
1999,PA,0.033699849315068496,3.3285898630136983,365
1999,RI,0.06946491232876714,4.4468186301369865,365
1999,SC,0.026469063013698627,3.111967945205479,365
1999,SD,0.10428828493150687,4.871346849315069,365
1999,TN,0.021188523287671228,2.805416164383561,365
1999,TX,0.06079887945205478,4.192899178082191,365
1999,UT,0.052935550684931505,3.702074246575342,365
1999,VA,0.03408983287671233,3.178417534246576,365
1999,VT,0.024938257534246572,2.4729115068493153,365
1999,WA,0.044744520547945206,3.456616438356164,365
1999,WI,0.046585704109589045,3.844432876712329,365
1999,WV,0.017136169863013695,2.6335616438356166,365
1999,WY,0.08894920547945205,4.177511506849315,365
2000,AL,0.018255907103825134,2.757511475409836,366
2000,AR,0.019792934426229508,2.7893150273224037,366
2000,AZ,0.03885272131147541,3.4083797814207655,366
2000,CA,0.037831106557377044,3.170998907103825,366
2000,CO,0.07231811202185792,4.217866939890711,366
2000,CT,0.04679289344262295,3.8835308743169397,366
2000,DE,0.04952989315068493,4.189138630136988,365
2000,FL,0.03203893715846994,3.4878967213114755,366
2000,GA,0.01659566666666667,2.5754133879781427,366
2000,IA,0.07508489617486339,4.549920491803278,366
2000,ID,0.045937286885245905,3.447322404371585,366
2000,IL,0.05109365027322405,4.065406284153005,366
2000,IN,0.04051281967213115,3.6333953551912574,366
2000,KS,0.09034089344262294,4.85424262295082,366
2000,KY,0.023179169398907108,3.0702008196721313,366
2000,LA,0.028436729508196725,3.2273538251366123,366
2000,MA,0.05762162021857924,3.8777926229508193,366
2000,MD,0.04908392349726778,3.85660956284153,366
2000,ME,0.038767467213114755,3.4884224043715846,366
2000,MI,0.03650568306010929,3.532610109289618,366
2000,MN,0.05621436885245901,3.9025573770491797,366
2000,MO,0.04718723770491804,3.9195663934426226,366
2000,MS,0.018911311475409837,2.8592213114754097,366
2000,MT,0.07756256557377049,4.056758743169399,366
2000,NC,0.023012980874316934,2.8280163934426232,366
2000,ND,0.09522043715846995,4.8094073770491805,366
2000,NE,0.08769696721311473,4.707548907103824,366
2000,NH,0.02060839617486339,2.426640163934426,366
2000,NJ,0.0407089344262295,3.481325683060109,366
2000,NM,0.0773784262295082,4.366436612021858,366
2000,NV,0.04908864480874317,3.4465202185792343,366
2000,NY,0.04720977595628415,3.7124308743169396,366
2000,OH,0.036603308743169395,3.5518994535519126,366
2000,OK,0.06874060928961749,4.416489071038252,366
2000,OR,0.034099256830601096,2.988710382513661,366
2000,PA,0.03311342622950819,3.245920765027323,366
2000,RI,0.06781373224043717,4.426340437158471,366
2000,SC,0.024045622950819672,3.0435098360655735,366
2000,SD,0.11352067486338799,4.992872950819673,366
2000,TN,0.020748560109289618,2.725807650273224,366
2000,TX,0.06650458743169399,4.410586338797814,366
2000,UT,0.04950669125683061,3.5979218579234975,366
2000,VA,0.031774251366120214,3.104190163934426,366
2000,VT,0.021281931693989068,2.33551912568306,366
2000,WA,0.031919379781420766,3.09058606557377,366
2000,WI,0.041050068306010934,3.7592557377049176,366
2000,WV,0.016623295081967214,2.5868371584699457,366
2000,WY,0.07734780327868851,3.9767155737704916,366
2001,AL,0.014950602739726027,2.806260821917809,365
2001,AR,0.017663849315068498,2.913428493150685,365
2001,AZ,0.036403441095890415,3.511509589041096,365
2001,CA,0.03658862739726027,3.3109106849315064,365
2001,CO,0.06626302191780822,4.222880273972602,365
2001,CT,0.03586407671232877,3.7702635616438354,365
2001,DE,0.045209071232876714,3.9705701369863013,365
2001,FL,0.032154706849315075,3.535959178082192,365
2001,GA,0.01464959178082192,2.713211780821918,365
2001,IA,0.06688464931506849,4.362058082191782,365
2001,ID,0.0517347698630137,3.630049315068493,365
2001,IL,0.05268481369863014,4.105972602739726,365
2001,IN,0.04364660821917808,3.8608893150684933,365
2001,KS,0.08641466027397258,4.773119726027398,365
2001,KY,0.022362706849315073,3.0423131506849317,365
2001,LA,0.02498706575342466,3.1578980821917804,365
2001,MA,0.04587936164383562,3.894213698630138,365
2001,MD,0.03711618356164383,3.5841301369863015,365
2001,ME,0.028831975342465753,3.2268515068493158,365
2001,MI,0.041286356164383566,3.8204945205479457,365
2001,MN,0.05470171232876712,4.053076438356165,365
2001,MO,0.04476888767123287,3.9187367123287675,365
2001,MS,0.016051975342465753,2.8643654794520548,365
2001,MT,0.07391751506849314,4.0370071232876725,365
2001,NC,0.01784008767123288,2.820885205479452,365
2001,ND,0.09342671232876713,4.816158904109588,365
2001,NE,0.07928955342465753,4.549085205479453,365
2001,NH,0.01776429589041096,2.7193838356164384,365
2001,NJ,0.03201298904109588,3.4098027397260275,365
2001,NM,0.07494004657534246,4.4156520547945215,365
2001,NV,0.04581977534246576,3.4883378082191783,365
2001,NY,0.043437783561643836,3.8353906849315074,365
2001,OH,0.038282216438356165,3.719700821917809,365
2001,OK,0.0661908493150685,4.347125753424658,365
2001,OR,0.03859428767123288,3.2803183561643836,365
2001,PA,0.02907112876712329,3.367542465753424,365
2001,RI,0.05018978630136987,4.211728219178082,365
2001,SC,0.02124704109589041,3.139124657534247,365
2001,SD,0.09979057260273971,4.870160273972603,365
2001,TN,0.017936413698630138,2.7364750684931507,365
2001,TX,0.058975945205479455,4.263490136986301,365
2001,UT,0.043156528767123295,3.6588942465753425,365
2001,VA,0.025274969863013697,3.148098356164384,365
2001,VT,0.020093745205479453,2.661430684931507,365
2001,WA,0.0352456904109589,3.309693698630137,365
2001,WI,0.03733158082191781,3.7688709589041096,365
2001,WV,0.016491473972602737,2.5463854794520544,365
2001,WY,0.0672599890410959,3.9047873972602747,365
2002,AL,0.017530364383561644,2.682600273972603,365
2002,AR,0.02076950410958904,2.797306849315068,365
2002,AZ,0.037906832876712336,3.3363441095890414,365
2002,CA,0.04049925753424658,3.1853153424657523,365
2002,CO,0.07819102465753426,4.380489315068493,365
2002,CT,0.033778027397260275,3.4598230136986308,365
2002,DE,0.055157767123287675,4.229308219178082,365
2002,FL,0.03654461369863014,3.4708191780821918,365
2002,GA,0.012719021917808219,2.4159460273972604,365
2002,IA,0.06928957808219179,4.39517506849315,365
2002,ID,0.05256064109589042,3.5242454794520555,365
2002,IL,0.04628423561643836,3.7028605479452055,365
2002,IN,0.04661015068493151,3.805771780821918,365
2002,KS,0.0953204794520548,4.890504109589042,365
2002,KY,0.024097068493150683,3.120435890410959,365
2002,LA,0.028256758904109596,3.1022479452054803,365
2002,MA,0.05119993698630138,3.785783561643835,365
2002,MD,0.03693227123287671,3.6321205479452052,365
2002,ME,0.030257536986301375,3.137976712328767,365
2002,MI,0.04257418082191781,3.6827,365
2002,MN,0.053476991780821916,3.8446926027397264,365
2002,MO,0.04333311780821918,3.730125479452056,365
2002,MS,0.019691153424657534,2.77598301369863,365
2002,MT,0.08337153972602741,4.148539726027398,365
2002,NC,0.0227324301369863,2.6193068493150684,365
2002,ND,0.10115064931506851,4.9311969863013685,365
2002,NE,0.07854235342465753,4.412266849315069,365
2002,NH,0.012872613698630136,2.161230136986301,365
2002,NJ,0.03190239178082192,3.230138904109589,365
2002,NM,0.08426797260273973,4.493788219178082,365
2002,NV,0.04535470684931507,3.3860323287671235,365
2002,NY,0.04848201369863013,3.7843295890410955,365
2002,OH,0.05185852876712328,3.7957400000000003,365
2002,OK,0.06030276986301371,4.012792602739726,365
2002,OR,0.03842751232876712,3.065167397260274,365
2002,PA,0.03207949863013698,3.2447490410958904,365
2002,RI,0.04001121095890411,3.5480057534246567,365
2002,SC,0.01787432602739726,2.8381972602739727,365
2002,SD,0.1094938794520548,5.000887945205478,365
2002,TN,0.01982389589041096,2.7333115068493155,365
2002,TX,0.06504068767123287,4.274310684931507,365
2002,UT,0.04135712328767123,3.3724578082191776,365
2002,VA,0.027317084931506846,3.057370410958904,365
2002,VT,0.023695600000000004,2.558352054794521,365
2002,WA,0.03715250410958904,3.2063210958904103,365
2002,WI,0.035999591780821925,3.4865501369863017,365
2002,WV,0.01879224109589041,2.517739726027397,365
2002,WY,0.0823401890410959,4.110193972602739,365
2003,AL,0.015419991780821917,2.5907621917808217,365
2003,AR,0.021311646575342465,2.7842482191780817,365
2003,AZ,0.03407628493150685,3.135937534246575,365
2003,CA,0.03521291232876712,3.039251232876712,365
2003,CO,0.06939942739726028,4.143113698630137,365
2003,CT,0.03590470136986301,3.3696199999999994,365
2003,DE,0.05958233698630137,4.128575342465753,365
2003,FL,0.026894498630136987,3.282954520547945,365
2003,GA,0.012050830136986303,2.2376038356164383,365
2003,IA,0.06521065753424657,4.269853150684932,365
2003,ID,0.0459076493150685,3.34096602739726,365
2003,IL,0.03774462465753425,3.406286849315068,365
2003,IN,0.04734568219178082,3.7079509589041098,365
2003,KS,0.08048578356164385,4.59810904109589,365
2003,KY,0.022323380821917805,3.0151890410958906,365
2003,LA,0.021101602739726028,2.730419178082192,365
2003,MA,0.04868202465753425,3.517678630136986,365
2003,MD,0.03956277534246575,3.522839726027397,365
2003,ME,0.02571295342465754,2.7264158904109586,365
2003,MI,0.04122185479452055,3.5189227397260274,365
2003,MN,0.04977995616438356,3.710766849315068,365
2003,MO,0.042498939726027404,3.725917260273973,365
2003,MS,0.015669539726027398,2.5318665753424656,365
2003,MT,0.07090736164383561,3.964260821917808,365
2003,NC,0.021237221917808222,2.496795068493151,365
2003,ND,0.09649495068493151,4.762809315068494,365
2003,NE,0.0669884493150685,4.1033816438356165,365
2003,NH,0.012500290410958907,2.019156712328767,365
2003,NJ,0.03523059452054795,3.1577884931506848,365
2003,NM,0.08291104657534244,4.371315342465754,365
2003,NV,0.042139515068493165,3.2993369863013693,365
2003,NY,0.04680605753424658,3.575759178082192,365
2003,OH,0.045496912328767125,3.5866002739726026,365
2003,OK,0.055166139726027394,3.8896490410958906,365
2003,OR,0.03310139726027398,2.9525479452054797,365
2003,PA,0.031605134246575343,3.1198460273972604,365
2003,RI,0.03685763561643835,3.412540821917808,365
2003,SC,0.01606634794520548,2.613042465753425,365
2003,SD,0.09778590684931507,4.753883835616438,365
2003,TN,0.018765994520547946,2.685335342465754,365
2003,TX,0.053777578082191774,3.922199452054794,365
2003,UT,0.04082857534246575,3.365251780821918,365
2003,VA,0.030528950684931503,2.994924383561644,365
2003,VT,0.01871496438356165,2.155426575342466,365
2003,WA,0.031533827397260274,3.0025194520547944,365
2003,WI,0.033828578082191786,3.3573169863013703,365
2003,WV,0.01692551506849315,2.3478846575342467,365
2003,WY,0.07479985479452055,3.939681369863013,365
2004,AL,0.017101357923497266,2.562912568306011,366
2004,AR,0.020162898907103825,2.7196497267759563,366
2004,AZ,0.033179767759562835,3.123710109289617,366
2004,CA,0.036667284153005464,3.0532688524590164,366
2004,CO,0.0643930956284153,3.8430131147540982,366
2004,CT,0.03592632240437159,3.4142051912568303,366
2004,DE,0.05439925136612021,4.071536338797814,366
2004,FL,0.03763866666666667,3.511762568306011,366
2004,GA,0.020802797814207654,2.3914046448087434,366
2004,IA,0.06517004644808742,4.2050786885245905,366
2004,ID,0.03572097540983606,2.9796002732240434,366
2004,IL,0.03956173770491803,3.4126418032786887,366
2004,IN,0.05058195901639344,3.80022868852459,366
2004,KS,0.0808405382513661,4.6186718579234975,366
2004,KY,0.021587885245901637,2.927042896174864,366
2004,LA,0.02239600819672131,2.8291928961748636,366
2004,MA,0.04099569945355191,3.4436161202185795,366
2004,MD,0.03271595901639344,3.3260743169398914,366
2004,ME,0.025445803278688527,2.8699986338797814,366
2004,MI,0.04297452732240437,3.5781459016393438,366
2004,MN,0.0531668387978142,3.7567393442622956,366
2004,MO,0.042882598360655735,3.7628653005464483,366
2004,MS,0.01664974863387978,2.5561480874316937,366
2004,MT,0.07214121311475409,3.9337658469945356,366
2004,NC,0.01944441530054645,2.361144535519126,366
2004,ND,0.09910888524590165,4.818522677595629,366
2004,NE,0.06380939071038251,4.046285519125684,366
2004,NH,0.013086581967213115,2.0948284153005465,366
2004,NJ,0.029243989071038246,3.003574043715847,366
2004,NM,0.06622839344262295,4.070230327868853,366
2004,NV,0.045298349726775954,3.3813396174863386,366
2004,NY,0.044939923497267754,3.580839617486339,366
2004,OH,0.047222147540983604,3.6449713114754108,366
2004,OK,0.04931929234972677,3.7412333333333336,366
2004,OR,0.026875330601092897,2.6938584699453556,366
2004,PA,0.028719095628415306,3.0134098360655734,366
2004,RI,0.03299004918032787,3.3931715846994535,366
2004,SC,0.0178705956284153,2.6629928961748632,366
2004,SD,0.10016638797814209,4.7654038251366115,366
2004,TN,0.01777141803278688,2.6437964480874316,366
2004,TX,0.04980812021857925,3.808013661202185,366
2004,UT,0.04579741530054645,3.3975721311475406,366
2004,VA,0.025405844262295082,2.8083639344262297,366
2004,VT,0.01922206557377049,2.184619398907104,366
2004,WA,0.026872762295081967,2.8034103825136603,366
2004,WI,0.03465194535519126,3.3349136612021852,366
2004,WV,0.014444849726775956,2.2172147540983604,366
2004,WY,0.07265348360655739,3.784437704918033,366
2005,AL,0.017017495890410957,2.4433306849315066,365
2005,AR,0.01989210410958904,2.6355569863013697,365
2005,AZ,0.02924611780821917,2.934325753424657,365
2005,CA,0.029797838356164383,2.867270410958904,365
2005,CO,0.06410358630136986,3.71682602739726,365
2005,CT,0.03303048767123287,3.271248767123288,365
2005,DE,0.049172789041095885,3.879429315068494,365
2005,FL,0.033295523287671235,3.415139452054795,365
2005,GA,0.01216846301369863,2.136515616438356,365
2005,IA,0.05340902739726028,3.8793128767123286,365
2005,ID,0.02811478904109589,2.686871780821918,365
2005,IL,0.03588710410958904,3.2639912328767124,365
2005,IN,0.0403908,3.4824238356164385,365
2005,KS,0.0774791397260274,4.4654764383561645,365
2005,KY,0.01662578904109589,2.4913731506849315,365
2005,LA,0.019294265753424657,2.573096712328767,365
2005,MA,0.037767493150684936,3.320458082191781,365
2005,MD,0.02964146849315068,3.110267123287671,365
2005,ME,0.024086578082191782,2.794492876712329,365
2005,MI,0.03101682191780822,3.1877271232876714,365
2005,MN,0.04966277808219178,3.616821643835616,365
2005,MO,0.034604312328767116,3.4936454794520553,365
2005,MS,0.020900550684931508,2.6829186301369865,365
2005,MT,0.07200441917808219,3.9757936986301363,365
2005,NC,0.018663536986301372,2.35757095890411,365
2005,ND,0.08856544109589042,4.636249589041095,365
2005,NE,0.06856004657534245,4.088867671232876,365
2005,NH,0.011467257534246576,1.995454246575342,365
2005,NJ,0.028241624657534246,2.990157260273972,365
2005,NM,0.06071354794520549,3.9435115068493163,365
2005,NV,0.04160581917808219,3.1744969863013703,365
2005,NY,0.03920448767123288,3.40483698630137,365
2005,OH,0.036189473972602734,3.3658079452054794,365
2005,OK,0.04855593698630137,3.604023287671233,365
2005,OR,0.027822079452054792,2.706434794520548,365
2005,PA,0.024915863013698632,2.8704528767123287,365
2005,RI,0.036841323287671236,3.377853698630137,365
2005,SC,0.018648761643835617,2.636974520547945,365
2005,SD,0.09207086301369863,4.541404109589041,365
2005,TN,0.01538450684931507,2.3415060273972603,365
2005,TX,0.04191527397260274,3.5389978082191775,365
2005,UT,0.04669772054794521,3.4470427397260273,365
2005,VA,0.02229431506849315,2.6179860273972606,365
2005,VT,0.017566608219178083,2.1505635616438354,365
2005,WA,0.024271093150684934,2.7504123287671236,365
2005,WI,0.025929753424657538,3.0060331506849316,365
2005,WV,0.012821827397260272,2.078760547945205,365
2005,WY,0.06741788767123287,3.6620235616438355,365
2006,AL,0.014621531506849311,2.409458082191781,365
2006,AR,0.027186210958904108,3.011632602739726,365
2006,AZ,0.040212254794520556,3.198536438356164,365
2006,CA,0.031645816438356164,2.8733454794520545,365
2006,CO,0.06329058082191781,3.677715890410959,365
2006,CT,0.029199109589041095,3.024835068493151,365
2006,DE,0.04795571232876712,3.705775342465753,365
2006,FL,0.028846334246575348,3.292245753424657,365
2006,GA,0.011551857534246575,2.2022002739726023,365
2006,IA,0.05957933698630137,4.023961369863013,365
2006,ID,0.03516873698630137,2.975661369863014,365
2006,IL,0.04186030136986301,3.4881969863013693,365
2006,IN,0.040014693150684934,3.5361731506849314,365
2006,KS,0.08511305479452055,4.583159726027397,365
2006,KY,0.019681024657534248,2.603158356164383,365
2006,LA,0.02070032602739726,2.6697586301369864,365
2006,MA,0.04569903287671232,3.5539060273972605,365
2006,MD,0.03289827397260274,3.061890410958905,365
2006,ME,0.023495328767123284,2.7524312328767127,365
2006,MI,0.032629079452054795,3.248499726027397,365
2006,MN,0.045435471232876716,3.561362465753425,365
2006,MO,0.03963957808219177,3.638310958904109,365
2006,MS,0.02075812602739726,2.7180821917808213,365
2006,MT,0.08100052876712328,4.138344383561645,365
2006,NC,0.017507789041095886,2.243588219178082,365
2006,ND,0.08227516438356162,4.516621917808219,365
2006,NE,0.07981987671232878,4.367296986301371,365
2006,NH,0.05181661369863013,3.1089539726027398,365
2006,NJ,0.03177912054794521,3.0566345205479455,365
2006,NM,0.06791616164383563,4.002573424657534,365
2006,NV,0.04767214246575342,3.390932328767123,365
2006,NY,0.04196443561643835,3.4444175342465755,365
2006,OH,0.03964519178082192,3.4645331506849315,365
2006,OK,0.06214740547945206,4.0175347945205475,365
2006,OR,0.03630243287671232,2.871443835616439,365
2006,PA,0.030575950684931505,2.9725380821917815,365
2006,RI,0.03432103013698631,3.4056320547945207,365
2006,SC,0.01692715342465753,2.5820057534246583,365
2006,SD,0.09297455068493152,4.612621369863014,365
2006,TN,0.018237356164383562,2.5140358904109594,365
2006,TX,0.052523021917808214,3.855558082191781,365
2006,UT,0.041556780821917806,3.227545205479452,365
2006,VA,0.025793983561643835,2.6228043835616437,365
2006,VT,0.018770167123287673,2.2666268493150685,365
2006,WA,0.03250215342465754,2.9721810958904107,365
2006,WI,0.028043339726027395,3.110939726027397,365
2006,WV,0.01565869315068493,2.111798630136987,365
2006,WY,0.07989782739726027,4.01012904109589,365
2007,AL,0.011123082191780823,2.231007397260274,365
2007,AR,0.020815315068493153,2.649808493150685,365
2007,AZ,0.03917703561643836,3.069249315068493,365
2007,CA,0.03535450958904109,2.899910410958904,365
2007,CO,0.057630235616438354,3.5049643835616435,365
2007,CT,0.027598043835616436,3.0353608219178083,365
2007,DE,0.045338435616438355,3.6470701369863012,365
2007,FL,0.02772711780821918,3.18349397260274,365
2007,GA,0.01069424383561644,2.103491506849315,365
2007,IA,0.0658509178082192,4.0584,365
2007,ID,0.032502756164383556,2.830155068493151,365
2007,IL,0.044795597260273975,3.453382191780822,365
2007,IN,0.04284132054794521,3.514000273972603,365
2007,KS,0.07597252328767123,4.350739452054794,365
2007,KY,0.01846530958904109,2.4710054794520553,365
2007,LA,0.015416684931506847,2.3357917808219173,365
2007,MA,0.04617019726027398,3.5022564383561647,365
2007,MD,0.028642008219178082,2.8652413698630137,365
2007,ME,0.026093320547945203,2.716483835616438,365
2007,MI,0.03814462739726027,3.35773397260274,365
2007,MN,0.054168249315068494,3.734365205479453,365
2007,MO,0.035537515068493154,3.3484509589041096,365
2007,MS,0.015817816438356162,2.411986575342466,365
2007,MT,0.0767272602739726,4.017165753424657,365
2007,NC,0.016266257534246577,2.261744383561644,365
2007,ND,0.08347381917808219,4.485793424657533,365
2007,NE,0.07467852328767123,4.229693150684931,365
2007,NH,0.049671950684931514,3.118457808219178,365
2007,NJ,0.027741383561643837,2.823875616438356,365
2007,NM,0.05698113972602739,3.614375890410959,365
2007,NV,0.04360109041095891,3.226434520547946,365
2007,NY,0.041227049315068494,3.386301369863015,365
2007,OH,0.04030455616438356,3.3640224657534246,365
2007,OK,0.05119339452054795,3.61447205479452,365
2007,OR,0.026844010958904103,2.5342764383561645,365
2007,PA,0.02831329589041096,2.8398389041095893,365
2007,RI,0.03580504383561643,3.4076449315068498,365
2007,SC,0.0170314602739726,2.630486301369863,365
2007,SD,0.08976197260273973,4.519265205479453,365
2007,TN,0.014631290410958902,2.2899991780821924,365
2007,TX,0.04060552602739726,3.417338904109589,365
2007,UT,0.04234436164383562,3.1555191780821916,365
2007,VA,0.025031660273972606,2.6146172602739726,365
2007,VT,0.018275838356164385,2.2834605479452055,365
2007,WA,0.02711337808219178,2.642879178082192,365
2007,WI,0.03457985479452055,3.259978904109589,365
2007,WV,0.014152109589041093,1.9134361643835616,365
2007,WY,0.0703632904109589,3.6710073972602744,365
2008,AL,0.015388393442622952,2.377870218579234,366
2008,AR,0.03154543715846995,2.9380680327868856,366
2008,AZ,0.04015710655737706,3.0930904371584695,366
2008,CA,0.03632272131147541,2.8608896174863383,366
2008,CO,0.07264489344262295,3.800815846994535,366
2008,CT,0.039378316939890703,3.205110655737705,366
2008,DE,0.04852668852459017,3.48496174863388,366
2008,FL,0.03298377868852459,3.2713502732240434,366
2008,GA,0.01431246174863388,2.260055737704918,366
2008,IA,0.06672302185792349,4.034078688524589,366
2008,ID,0.040880256830601085,2.9691325136612017,366
2008,IL,0.05329923770491803,3.6432363387978137,366
2008,IN,0.05672449453551912,3.8016275956284153,366
2008,KS,0.09432349726775956,4.632114207650274,366
2008,KY,0.02410493169398907,2.612343989071038,366
2008,LA,0.031479724043715844,2.8615926229508197,366
2008,MA,0.04284269945355192,3.363382240437158,366
2008,MD,0.03662551092896175,3.121833606557377,366
2008,ME,0.023511688524590166,2.6569125683060113,366
2008,MI,0.0457613306010929,3.5597524590163934,366
2008,MN,0.05326239344262296,3.5782598360655737,366
2008,MO,0.042325213114754096,3.4914959016393445,366
2008,MS,0.023118106557377047,2.6103969945355194,366
2008,MT,0.07509042896174864,3.95677349726776,366
2008,NC,0.01921304918032787,2.3827797814207647,366
2008,ND,0.09062257377049181,4.516132786885246,366
2008,NE,0.08436815846994536,4.31575300546448,366
2008,NH,0.044975106557377055,2.8111229508196725,366
2008,NJ,0.03808777049180328,3.0511500000000007,366
2008,NM,0.07530535792349725,3.9711644808743167,366
2008,NV,0.04573326775956284,3.2527379781420764,366
2008,NY,0.041064898907103825,3.323820765027323,366
2008,OH,0.05411303005464481,3.6795792349726777,366
2008,OK,0.07467467213114752,4.1412087431694,366
2008,OR,0.028808459016393444,2.611991256830601,366
2008,PA,0.026542265027322404,2.7983346994535516,366
2008,RI,0.04465110109289617,3.521884699453552,366
2008,SC,0.02298157923497268,2.791062568306011,366
2008,SD,0.0963050601092896,4.524618306010929,366
2008,TN,0.019133090163934427,2.4213346994535514,366
2008,TX,0.06312019945355192,3.972564207650273,366
2008,UT,0.04011081147540984,3.058938524590164,366
2008,VA,0.03339958469945355,2.9022999999999994,366
2008,VT,0.017013975409836065,2.2038346994535525,366
2008,WA,0.0271386174863388,2.651746721311475,366
2008,WI,0.036519909836065574,3.277224863387978,366
2008,WV,0.015278677595628412,1.9705800546448091,366
2008,WY,0.07534536065573771,3.712731420765028,366
2009,AL,0.013121953424657534,2.2889136986301373,365
2009,AR,0.02520689315068493,2.805964383561643,365
2009,AZ,0.03779207123287671,3.047254246575342,365
2009,CA,0.031085383561643837,2.732220547945206,365
2009,CO,0.06795485205479453,3.690395890410959,365
2009,CT,0.035242884931506846,3.1070049315068493,365
2009,DE,0.04835689589041096,3.486674246575343,365
2009,FL,0.027539769863013697,3.0793646575342466,365
2009,GA,0.011987150684931506,2.15520602739726,365
2009,IA,0.05675922465753425,3.837833698630137,365
2009,ID,0.031432561643835615,2.6787739726027398,365
2009,IL,0.045381630136986296,3.462922465753425,365
2009,IN,0.04494788767123288,3.4900849315068494,365
2009,KS,0.08125133698630138,4.418217260273972,365
2009,KY,0.021084646575342463,2.547883561643835,365
2009,LA,0.0239506,2.6940413698630135,365
2009,MA,0.04289045479452055,3.420476164383561,365
2009,MD,0.03484627397260274,3.1487194520547943,365
2009,ME,0.02343622191780822,2.6828758904109593,365
2009,MI,0.04257792054794521,3.378852602739726,365
2009,MN,0.0446773205479452,3.4053408219178083,365
2009,MO,0.035786942465753424,3.323432054794521,365
2009,MS,0.02318668219178082,2.744529315068493,365
2009,MT,0.06801142191780822,3.7929808219178085,365
2009,NC,0.01767364109589041,2.3170660273972605,365
2009,ND,0.07693120273972602,4.291958630136986,365
2009,NE,0.07273040821917809,4.061218082191781,365
2009,NH,0.041776939726027404,2.772904109589041,365
2009,NJ,0.036618753424657535,2.967714520547945,365
2009,NM,0.06476349041095891,3.8129800000000005,365
2009,NV,0.0445735205479452,3.185388219178082,365
2009,NY,0.039869975342465745,3.2746893150684935,365
2009,OH,0.049290594520547945,3.4967021917808223,365
2009,OK,0.06509422739726028,3.9893953424657536,365
2009,OR,0.02831661369863013,2.5499471232876716,365
2009,PA,0.02559090684931507,2.725095068493151,365
2009,RI,0.0374005397260274,3.411727397260274,365
2009,SC,0.015070821917808218,2.362576438356164,365
2009,SD,0.08241965753424658,4.2797835616438356,365
2009,TN,0.01610754794520548,2.3034898630136986,365
2009,TX,0.055109769863013705,3.832038630136986,365
2009,UT,0.03967057534246575,3.0532769863013702,365
2009,VA,0.02979390410958904,2.7662654794520547,365
2009,VT,0.015410994520547946,2.152807671232877,365
2009,WA,0.02689448767123288,2.6466030136986305,365
2009,WI,0.034451408219178074,3.1805386301369865,365
2009,WV,0.014530098630136984,2.042788493150685,365
2009,WY,0.06649073972602738,3.5393123287671235,365
2010,AL,0.011587317808219179,2.1582969863013695,365
2010,AR,0.021922605479452056,2.674496164383562,365
2010,AZ,0.03660131780821917,3.0218684931506847,365
2010,CA,0.03328070684931507,2.813084383561644,365
2010,CO,0.05783454246575343,3.4008098630136985,365
2010,CT,0.04184533972602739,3.292087123287671,365
2010,DE,0.05153072876712328,3.5739032876712336,365
2010,FL,0.028120830136986297,3.1293115068493154,365
2010,GA,0.011267476712328767,2.0550712328767116,365
2010,IA,0.0553432301369863,3.7507865753424663,365
2010,ID,0.035584421917808216,2.8545339726027392,365
2010,IL,0.04016854520547946,3.3171493150684928,365
2010,IN,0.04116015890410959,3.3972465753424665,365
2010,KS,0.077801701369863,4.306421917808219,365
2010,KY,0.015543720547945209,2.3447731506849316,365
2010,LA,0.042722399999999994,3.1098413698630134,365
2010,MA,0.0494038109589041,3.606550136986301,365
2010,MD,0.04074907671232877,3.312018904109589,365
2010,ME,0.03308184383561644,2.9912427397260273,365
2010,MI,0.04644354794520548,3.470897260273972,365
2010,MN,0.04425461917808219,3.3210753424657535,365
2010,MO,0.030549005479452055,3.114099452054795,365
2010,MS,0.027394761643835617,2.8130487671232878,365
2010,MT,0.05877135068493152,3.52299397260274,365
2010,NC,0.018454394520547947,2.309455342465754,365
2010,ND,0.07700940273972602,4.220834520547945,365
2010,NE,0.07175567397260274,4.031863561643835,365
2010,NH,0.055468189041095885,3.064453424657535,365
2010,NJ,0.04657616712328767,3.2750032876712334,365
2010,NM,0.06513631780821917,3.7724821917808224,365
2010,NV,0.0486068191780822,3.280700821917809,365
2010,NY,0.04218741643835617,3.3962010958904107,365
2010,OH,0.04409571780821917,3.373646575342465,365
2010,OK,0.055871199999999996,3.7211663013698644,365
2010,OR,0.0327986493150685,2.73156301369863,365
2010,PA,0.026957709589041094,2.8518690410958905,365
2010,RI,0.05088385205479452,3.7246161643835616,365
2010,SC,0.012265065753424656,2.2137668493150686,365
2010,SD,0.08235542191780822,4.214786575342466,365
2010,TN,0.012582093150684932,2.1375649315068497,365
2010,TX,0.05389789589041095,3.762642465753425,365
2010,UT,0.04112653698630138,2.9817087671232883,365
2010,VA,0.030061052054794517,2.7673347945205484,365
2010,VT,0.014819493150684931,2.252427671232877,365
2010,WA,0.0279139698630137,2.677126849315069,365
2010,WI,0.0356813698630137,3.161478356164384,365
2010,WV,0.011694709589041096,1.9082616438356161,365
2010,WY,0.06340297534246575,3.4867095890410957,365
2011,AL,0.018968539726027397,2.3887386301369866,365
2011,AR,0.02990417260273973,2.953419452054794,365
2011,AZ,0.03896541369863013,3.0798358904109593,365
2011,CA,0.0317184,2.749316712328767,365
2011,CO,0.06580240000000001,3.5932167123287675,365
2011,CT,0.03385485753424657,3.0073523287671233,365
2011,DE,0.040454750684931505,3.3053931506849312,365
2011,FL,0.02494828493150685,3.01409808219178,365
2011,GA,0.011928435616438356,2.1477994520547945,365
2011,IA,0.05977367671232877,3.936694246575343,365
2011,ID,0.03296493424657534,2.8224312328767125,365
2011,IL,0.0475888794520548,3.5618471232876714,365
2011,IN,0.04791404109589041,3.591239726027397,365
2011,KS,0.08377545205479454,4.472717534246576,365
2011,KY,0.022408021917808222,2.6259317808219174,365
2011,LA,0.0545660602739726,3.4583657534246575,365
2011,MA,0.03989365479452055,3.280118082191781,365
2011,MD,0.03420026849315068,3.0969958904109585,365
2011,ME,0.0248772,2.7323602739726027,365
2011,MI,0.04885067945205479,3.4968257534246576,365
2011,MN,0.04709995890410959,3.46609205479452,365
2011,MO,0.03517561369863014,3.352371232876712,365
2011,MS,0.030706021917808222,2.9293772602739723,365
2011,MT,0.07504252328767122,3.95484493150685,365
2011,NC,0.02016810410958904,2.3572901369863013,365
2011,ND,0.08423813972602741,4.5707876712328765,365
2011,NE,0.07092795890410958,4.12498602739726,365
2011,NH,0.04822085205479451,2.842767397260274,365
2011,NJ,0.03630715342465754,2.9515326027397264,365
2011,NM,0.07803058356164382,4.028243561643837,365
2011,NV,0.0472531095890411,3.208801369863014,365
2011,NY,0.038946457534246574,3.2322282191780825,365
2011,OH,0.048666030136986296,3.5233484931506847,365
2011,OK,0.07240230410958905,4.113168219178082,365
2011,OR,0.02834954794520548,2.587882739726027,365
2011,PA,0.0225117095890411,2.616550684931507,365
2011,RI,0.045932600000000004,3.5667734246575344,365
2011,SC,0.014988860273972601,2.3528268493150684,365
2011,SD,0.08023816438356164,4.381384931506849,365
2011,TN,0.017268043835616437,2.3258630136986302,365
2011,TX,0.0684285589041096,4.164491506849315,365
2011,UT,0.03833516712328767,2.9875572602739733,365
2011,VA,0.027631580821917804,2.6608457534246575,365
2011,VT,0.016120353424657535,2.2504709589041094,365
2011,WA,0.029235994520547943,2.6962287671232876,365
2011,WI,0.038426454794520545,3.2414789041095893,365
2011,WV,0.014178860273972601,1.9419063013698628,365
2011,WY,0.08290718356164382,3.896526849315068,365
2012,AL,0.019721486338797813,2.342892896174863,366
2012,AR,0.02664794808743169,2.81122868852459,366
2012,AZ,0.032194912568306006,2.927604918032787,366
2012,CA,0.03181989890710383,2.77188825136612,366
2012,CO,0.06065824590163934,3.5326620218579237,366
2012,CT,0.032838024590163925,2.9696278688524584,366
2012,DE,0.03817485245901639,3.2276363387978138,366
2012,FL,0.026814710382513665,3.011271857923497,366
2012,GA,0.010998825136612022,2.0154631147540987,366
2012,IA,0.06397822131147542,3.9680773224043713,366
2012,ID,0.034356032786885246,2.8348286885245906,366
2012,IL,0.04823546174863388,3.5284270491803285,366
2012,IN,0.047253221311475406,3.5079027322404372,366
2012,KS,0.08031624043715847,4.356051092896174,366
2012,KY,0.01881883606557377,2.422837704918033,366
2012,LA,0.04890055737704918,3.2195931693989075,366
2012,MA,0.03575317486338798,3.159322677595629,366
2012,MD,0.03139137431693989,2.993586885245902,366
2012,ME,0.021832688524590166,2.619808469945355,366
2012,MI,0.04833209836065573,3.446860928961749,366
2012,MN,0.04719903005464482,3.411702732240437,366
2012,MO,0.03357369945355192,3.2283147540983603,366
2012,MS,0.024789453551912567,2.676045081967213,366
2012,MT,0.07590514754098361,3.950921311475409,366
2012,NC,0.018054773224043717,2.2217983606557374,366
2012,ND,0.08413079781420767,4.488314207650272,366
2012,NE,0.0764385300546448,4.145131967213115,366
2012,NH,0.04713245901639345,2.7868289617486344,366
2012,NJ,0.03659095901639344,2.947337431693989,366
2012,NM,0.0657558087431694,3.8446038251366113,366
2012,NV,0.04725511202185792,3.236736065573771,366
2012,NY,0.03818770491803279,3.2085827868852452,366
2012,OH,0.04940962021857923,3.4492650273224053,366
2012,OK,0.06115318852459016,3.8400278688524585,366
2012,OR,0.03224057103825137,2.714771038251366,366
2012,PA,0.02218775136612022,2.572276229508197,366
2012,RI,0.04204859836065574,3.4319382513661205,366
2012,SC,0.011875887978142076,2.1360486338797813,366
2012,SD,0.0861303961748634,4.365312021857923,366
2012,TN,0.014938497267759561,2.1992199453551913,366
2012,TX,0.05370906830601094,3.766430327868853,366
2012,UT,0.04517837978142076,3.159723497267759,366
2012,VA,0.025176393442622947,2.5463336065573774,366
2012,VT,0.014307677595628418,2.204936338797814,366
2012,WA,0.03141169672131147,2.7622229508196723,366
2012,WI,0.03641897267759563,3.237863387978142,366
2012,WV,0.012911527322404371,1.9052314207650274,366
2012,WY,0.08015518306010928,3.8839084699453554,366
2013,AL,0.02037098082191781,2.469087123287671,365
2013,AR,0.02119636164383562,2.6335816438356163,365
2013,AZ,0.03402761095890411,2.9884279452054794,365
2013,CA,0.031051553424657534,2.7108367123287676,365
2013,CO,0.05772496164383562,3.4479854794520555,365
2013,CT,0.030720021917808222,2.9994898630136984,365
2013,DE,0.043796232876712325,3.4031756164383564,365
2013,FL,0.02164498904109589,2.660680821917808,365
2013,GA,0.010763364383561642,2.0902175342465754,365
2013,IA,0.06452770684931507,4.1647106849315065,365
2013,ID,0.027669536986301372,2.5845734246575343,365
2013,IL,0.04360084383561644,3.4870358904109597,365
2013,IN,0.04378949863013698,3.5629084931506845,365
2013,KS,0.07917580547945205,4.41870794520548,365
2013,KY,0.01751658904109589,2.4924657534246575,365
2013,LA,0.047676449315068495,3.1650328767123286,365
2013,MA,0.045138926027397275,3.4673575342465757,365
2013,MD,0.031970298630136985,2.981198356164384,365
2013,ME,0.02482949589041096,2.746247945205479,365
2013,MI,0.046697550684931505,3.462089863013699,365
2013,MN,0.04567466575342466,3.461246027397261,365
2013,MO,0.028581994520547944,3.1600827397260276,365
2013,MS,0.024602446575342468,2.63426,365
2013,MT,0.07817145205479452,3.990315068493151,365
2013,NC,0.018451742465753422,2.3158060273972603,365
2013,ND,0.08517558356164384,4.531253698630137,365
2013,NE,0.07519600273972601,4.226328767123287,365
2013,NH,0.04712645479452055,2.90127698630137,365
2013,NJ,0.033466783561643836,2.8596073972602745,365
2013,NM,0.06868064383561644,3.893149863013698,365
2013,NV,0.04016566575342466,3.076937534246575,365
2013,NY,0.04024382739726027,3.2606457534246576,365
2013,OH,0.048363468493150694,3.5296271232876717,365
2013,OK,0.05856734520547945,3.8289967123287676,365
2013,OR,0.023444810958904116,2.3828835616438355,365
2013,PA,0.023115438356164388,2.7034767123287673,365
2013,RI,0.048052734246575336,3.6049835616438357,365
2013,SC,0.01409273698630137,2.2876701369863017,365
2013,SD,0.08327072054794521,4.35898602739726,365
2013,TN,0.014033147945205481,2.2324079452054786,365
2013,TX,0.056709975342465746,3.8463950684931505,365
2013,UT,0.03340538904109589,2.8178564383561646,365
2013,VA,0.02606812602739726,2.697809041095891,365
2013,VT,0.015778476712328765,2.227564109589041,365
2013,WA,0.02266429315068493,2.331261095890411,365
2013,WI,0.03480674246575343,3.287322465753425,365
2013,WV,0.014484375342465753,2.161536712328767,365
2013,WY,0.07648353150684932,3.806979452054795,365
2014,AL,0.017950753424657535,2.388717534246576,365
2014,AR,0.026273345205479446,2.815598082191781,365
2014,AZ,0.03305570410958904,2.8846616438356163,365
2014,CA,0.030387027397260274,2.753891780821918,365
2014,CO,0.06682953424657535,3.6411328767123283,365
2014,CT,0.0356389205479452,3.24167095890411,365
2014,DE,0.05008397808219177,3.59082,365
2014,FL,0.01844470136986302,2.313011780821918,365
2014,GA,0.010476523287671232,2.019064109589041,365
2014,IA,0.0778845397260274,4.358124383561643,365
2014,ID,0.03717192876712328,2.912511780821918,365
2014,IL,0.05118957808219178,3.6346769863013697,365
2014,IN,0.048208794520547944,3.601053972602739,365
2014,KS,0.09290696438356165,4.680906301369863,365
2014,KY,0.021634326027397264,2.696931506849315,365
2014,LA,0.045227539726027395,3.111494246575342,365
2014,MA,0.046552336986301374,3.5990709589041097,365
2014,MD,0.03305670136986302,2.89624904109589,365
2014,ME,0.02611968767123287,2.8275452054794523,365
2014,MI,0.04760890136986301,3.465881643835617,365
2014,MN,0.05596273150684932,3.7456317808219177,365
2014,MO,0.03784243835616438,3.3734158904109592,365
2014,MS,0.020733389041095892,2.5442082191780817,365
2014,MT,0.08386362739726028,4.258596164383562,365
2014,NC,0.02033574794520548,2.398297808219178,365
2014,ND,0.10658094246575343,4.934482739726027,365
2014,NE,0.08929976712328766,4.463540547945205,365
2014,NH,0.04899575890410959,2.970651506849315,365
2014,NJ,0.03644958082191781,2.9559317808219174,365
2014,NM,0.07098175342465754,3.9741898630136983,365
2014,NV,0.04353469041095891,3.20842,365
2014,NY,0.04157071232876713,3.321357260273974,365
2014,OH,0.052551673972602735,3.6485243835616434,365
2014,OK,0.06903935890410959,4.025527671232877,365
2014,OR,0.032071794520547946,2.7595882191780823,365
2014,PA,0.025423413698630132,2.7783901369863013,365
2014,RI,0.04909257260273973,3.6929871232876716,365
2014,SC,0.013623054794520546,2.3231246575342466,365
2014,SD,0.1016862191780822,4.69440191780822,365
2014,TN,0.017783756164383557,2.4434298630136984,365
2014,TX,0.0598217808219178,3.928655616438357,365
2014,UT,0.040748350684931496,3.074247671232876,365
2014,VA,0.02795339178082191,2.732094246575343,365
2014,VT,0.017165545205479454,2.42616602739726,365
2014,WA,0.032425673972602743,2.706585205479452,365
2014,WI,0.03723981369863014,3.3575857534246576,365
2014,WV,0.017234,2.4096150684931503,365
2014,WY,0.09425416164383561,4.259595890410959,365
2015,AL,0.01819303835616438,2.4253638356164378,365
2015,AR,0.0200567698630137,2.6218942465753425,365
2015,AZ,0.030737364383561647,2.9585339726027406,365
2015,CA,0.02857898630136986,2.715854246575342,365
2015,CO,0.05320655616438357,3.4224369863013697,365
2015,CT,0.031516136986301374,3.1039561643835607,365
2015,DE,0.0449338410958904,3.418227397260275,365
2015,FL,0.020320369863013697,2.4428446575342466,365
2015,GA,0.00916157808219178,2.0110117808219177,365
2015,IA,0.06424556986301369,4.133763013698632,365
2015,ID,0.028275035616438356,2.7023183561643833,365
2015,IL,0.04923498904109589,3.5669630136986306,365
2015,IN,0.043329161643835615,3.4861589041095895,365
2015,KS,0.0713053397260274,4.295970684931507,365
2015,KY,0.016565019178082195,2.470607671232876,365
2015,LA,0.046278334246575334,3.0976819178082193,365
2015,MA,0.04624980821917808,3.5615115068493153,365
2015,MD,0.031126117808219174,2.827406301369863,365
2015,ME,0.027176005479452058,2.795355068493151,365
2015,MI,0.047396917808219176,3.452697260273972,365
2015,MN,0.05045042739726027,3.604447397260273,365
2015,MO,0.02910919726027397,3.1261219178082196,365
2015,MS,0.02057665205479452,2.602303561643836,365
2015,MT,0.08296014520547945,4.209465753424658,365
2015,NC,0.01896600273972603,2.319698904109589,365
2015,ND,0.09281127123287672,4.705476164383561,365
2015,NE,0.07364385753424658,4.275263835616438,365
2015,NH,0.04920720821917808,2.972841095890411,365
2015,NJ,0.03474543835616438,2.891727123287671,365
2015,NM,0.05432358630136986,3.6636682191780823,365
2015,NV,0.03840460273972603,3.0771372602739726,365
2015,NY,0.037280591780821916,3.143590958904109,365
2015,OH,0.04663627397260275,3.511222191780822,365
2015,OK,0.04946159452054794,3.5700158904109593,365
2015,OR,0.027825273972602732,2.58856794520548,365
2015,PA,0.02284950410958904,2.6928191780821917,365
2015,RI,0.04550162465753425,3.566553698630137,365
2015,SC,0.013210821917808218,2.3319994520547946,365
2015,SD,0.08344909863013698,4.378745753424658,365
2015,TN,0.01454730410958904,2.259804109589041,365
2015,TX,0.04733675342465753,3.5971627397260284,365
2015,UT,0.037302005479452054,2.957684383561644,365
2015,VA,0.025337863013698635,2.6026336986301373,365
2015,VT,0.016804243835616437,2.3317112328767124,365
2015,WA,0.02989455342465753,2.6056564383561645,365
2015,WI,0.03684695342465754,3.3273210958904116,365
2015,WV,0.015028476712328766,2.278674794520548,365
2015,WY,0.07051203835616439,3.8217621917808215,365
2016,AL,0.014558180327868852,2.2414330601092898,366
2016,AR,0.022684642076502736,2.652174316939891,366
2016,AZ,0.03526124590163935,3.08123524590164,366
2016,CA,0.03291157377049181,2.8166218579234976,366
2016,CO,0.06497593715846996,3.6515092896174868,366
2016,CT,0.027588344262295082,3.054296174863388,366
2016,DE,0.04599578415300547,3.6519483606557372,366
2016,FL,0.02797738524590164,3.0788622950819677,366
2016,GA,0.01068085792349727,2.0152956284153007,366
2016,IA,0.0659517650273224,4.141891256830601,366
2016,ID,0.030484505464480876,2.815876229508197,366
2016,IL,0.03957305191256831,3.325110109289618,366
2016,IN,0.03696801912568305,3.33320956284153,366
2016,KS,0.07633814754098363,4.36162868852459,366
2016,KY,0.019272524590163938,2.4909363387978143,366
2016,LA,0.04683722950819672,3.0305002732240442,366
2016,MA,0.05043382240437158,3.6736360655737696,366
2016,MD,0.027460546448087434,2.820504644808743,366
2016,ME,0.021112901639344265,2.6841336065573773,366
2016,MI,0.03274854918032788,3.2422636612021853,366
2016,MN,0.04978697540983607,3.5749071038251365,366
2016,MO,0.03107565573770492,3.12937868852459,366
2016,MS,0.019319505464480875,2.499025409836065,366
2016,MT,0.09161186612021859,4.370508469945355,366
2016,NC,0.016842592896174863,2.297386885245902,366
2016,ND,0.10482302459016393,4.907310655737705,366
2016,NE,0.08302910382513662,4.435361475409837,366
2016,NH,0.05036484426229508,3.0844166666666664,366
2016,NJ,0.02811784426229508,2.82794344262295,366
2016,NM,0.06384640710382514,3.89709781420765,366
2016,NV,0.04414853825136613,3.2107459016393443,366
2016,NY,0.039436497267759565,3.3587480874316933,366
2016,OH,0.03891698360655738,3.3826901639344262,366
2016,OK,0.05463867486338797,3.683007650273225,366
2016,OR,0.02811736612021858,2.6830893442622954,366
2016,PA,0.026632983606557373,2.801520218579235,366
2016,RI,0.04339849453551912,3.5077019125683067,366
2016,SC,0.013517453551912568,2.3234942622950823,366
2016,SD,0.09157418032786885,4.580101639344262,366
2016,TN,0.015199937158469944,2.2371964480874316,366
2016,TX,0.0478902650273224,3.5978248633879786,366
2016,UT,0.04346758743169398,3.1152054644808747,366
2016,VA,0.021871527322404372,2.4810027322404373,366
2016,VT,0.015371445355191256,2.3584275956284153,366
2016,WA,0.02689103825136613,2.6975620218579235,366
2016,WI,0.02922774590163935,3.122650819672131,366
2016,WV,0.016850057377049178,2.329935519125683,366
2016,WY,0.08180139617486337,4.03816693989071,366
2017,AL,0.018459704109589043,2.340208219178082,365
2017,AR,0.024485150684931508,2.749122739726027,365
2017,AZ,0.035084671232876716,3.0421098630136982,365
2017,CA,0.0324911397260274,2.8192753424657533,365
2017,CO,0.0690287890410959,3.7500443835616437,365
2017,CT,0.03698953150684932,3.2201180821917803,365
2017,DE,0.045938317808219185,3.4301780821917807,365
2017,FL,0.026380268493150685,2.554883287671233,365
2017,GA,0.011323238356164384,2.037154794520548,365
2017,IA,0.0640887890410959,4.147999178082191,365
2017,ID,0.03131411780821918,2.792426849315068,365
2017,IL,0.05147760273972602,3.6528531506849315,365
2017,IN,0.048394473972602735,3.644978356164384,365
2017,KS,0.07864617808219178,4.443466575342465,365
2017,KY,0.02015876712328767,2.573429863013699,365
2017,LA,0.05159905753424658,3.2346216438356166,365
2017,MA,0.05047140821917808,3.60973397260274,365
2017,MD,0.03493885205479452,3.001906575342466,365
2017,ME,0.02517954794520548,2.800220547945205,365
2017,MI,0.050832671232876714,3.55404301369863,365
2017,MN,0.04629252054794521,3.507939452054795,365
2017,MO,0.03397296164383562,3.2594010958904107,365
2017,MS,0.022881156164383562,2.619798082191781,365
2017,MT,0.08765301643835617,4.292258904109589,365
2017,NC,0.019700695890410957,2.3365315068493153,365
2017,ND,0.10326632328767124,4.919947397260273,365
2017,NE,0.07740499452054796,4.318632328767123,365
2017,NH,0.0487904602739726,3.0085887671232876,365
2017,NJ,0.039327832876712335,3.0097898630136988,365
2017,NM,0.0674296904109589,3.9329326027397262,365
2017,NV,0.045706389041095884,3.2211975342465755,365
2017,NY,0.038785821917808216,3.180900821917808,365
2017,OH,0.0545648493150685,3.7009673972602735,365
2017,OK,0.057567509589041096,3.820852876712329,365
2017,OR,0.031752109589041094,2.710877534246575,365
2017,PA,0.02600727397260274,2.772949315068493,365
2017,RI,0.05604048767123288,3.8771931506849318,365
2017,SC,0.01410648493150685,2.2734531506849316,365
2017,SD,0.08096555616438356,4.414269863013699,365
2017,TN,0.016579531506849314,2.3214956164383564,365
2017,TX,0.055703589041095895,3.8115468493150684,365
2017,UT,0.045406123287671234,3.1281008219178084,365
2017,VA,0.0267901205479452,2.6459394520547947,365
2017,VT,0.017178802739726027,2.349079726027397,365
2017,WA,0.028520183561643837,2.660086575342466,365
2017,WI,0.03385496712328767,3.2597235616438356,365
2017,WV,0.016272994520547947,2.334767671232876,365
2017,WY,0.08356196438356166,4.053771506849315,365
2018,AL,0.016289693150684934,2.300039178082192,365
2018,AR,0.02270772876712329,2.7381526027397256,365
2018,AZ,0.03440184383561644,3.0442210958904106,365
2018,CA,0.029039021917808223,2.742320821917808,365
2018,CO,0.06662906301369863,3.6680701369863016,365
2018,CT,0.03739940273972603,3.225762739726028,365
2018,DE,0.04973296712328767,3.538485753424657,365
2018,FL,0.02236286575342466,2.5229791780821915,365
2018,GA,0.010810471232876711,2.0767021917808215,365
2018,IA,0.057703630136986296,3.9401808219178083,365
2018,ID,0.029642153424657532,2.7820978082191776,365
2018,IL,0.044824901369863016,3.5039895890410957,365
2018,IN,0.038473824657534246,3.3788726027397256,365
2018,KS,0.08536769315068492,4.500844109589041,365
2018,KY,0.017051827397260275,2.45235698630137,365
2018,LA,0.043366564383561644,3.072873698630137,365
2018,MA,0.05071070684931507,3.6370345205479455,365
2018,MD,0.0351018794520548,2.9939654794520547,365
2018,ME,0.028348764383561646,2.8747791780821923,365
2018,MI,0.04263720547945205,3.3878315068493148,365
2018,MN,0.03998837808219178,3.3210008219178087,365
2018,MO,0.03049973424657535,3.146704931506849,365
2018,MS,0.018775608219178088,2.527731506849315,365
2018,MT,0.07118308767123287,3.9132520547945204,365
2018,NC,0.021647742465753423,2.3673479452054793,365
2018,ND,0.07758038904109589,4.435264657534247,365
2018,NE,0.07179227671232877,4.139283561643836,365
2018,NH,0.04710716712328768,2.9465509589041097,365
2018,NJ,0.03796927123287671,2.967617534246576,365
2018,NM,0.06404732054794521,3.819153150684932,365
2018,NV,0.038844199999999995,3.060658904109589,365
2018,NY,0.035744824657534244,3.122691506849315,365
2018,OH,0.047222835616438356,3.586569589041096,365
2018,OK,0.06161141369863014,3.805474794520548,365
2018,OR,0.027151690410958905,2.6489205479452056,365
2018,PA,0.024512265753424658,2.775274794520548,365
2018,RI,0.051864802739726025,3.714598904109589,365
2018,SC,0.014341158904109592,2.2742136986301373,365
2018,SD,0.07215679452054795,4.198706849315068,365
2018,TN,0.015200901369863013,2.3115602739726024,365
2018,TX,0.05529216986301369,3.8258046575342473,365
2018,UT,0.04454513424657534,3.1516824657534253,365
2018,VA,0.027981063013698626,2.6833435616438357,365
2018,VT,0.015567753424657535,2.3018994520547946,365
2018,WA,0.02729940273972603,2.658657808219178,365
2018,WI,0.027741652054794515,3.020416712328767,365
2018,WV,0.013876964383561643,2.277116712328768,365
2018,WY,0.07655344657534247,3.9249147945205483,365
2019,AL,0.016767879452054792,2.3069358904109585,365
2019,AR,0.021464873972602744,2.645237260273973,365
2019,AZ,0.03521922739726028,3.0863723287671236,365
2019,CA,0.030322783561643838,2.7771904109589043,365
2019,CO,0.05675269315068494,3.473783835616439,365
2019,CT,0.03654333150684931,3.2200221917808216,365
2019,DE,0.05041397808219177,3.585016712328767,365
2019,FL,0.02254166575342465,2.537980273972603,365
2019,GA,0.010322534246575341,2.0687112328767125,365
2019,IA,0.0632109397260274,4.0597065753424655,365
2019,ID,0.027330057534246572,2.6625652054794524,365
2019,IL,0.04783431506849316,3.5042367123287668,365
2019,IN,0.043529304109589044,3.3958764383561646,365
2019,KS,0.07922988767123289,4.483574794520548,365
2019,KY,0.018390857534246578,2.4386643835616435,365
2019,LA,0.04179048219178082,2.989869589041096,365
2019,MA,0.05039600821917808,3.600492876712329,365
2019,MD,0.03317296712328767,2.9272350684931503,365
2019,ME,0.026043920547945205,2.7658224657534247,365
2019,MI,0.04633795890410958,3.413346301369863,365
2019,MN,0.04108213150684932,3.336684657534247,365
2019,MO,0.0314460602739726,3.1724482191780816,365
2019,MS,0.018979991780821912,2.4381832876712335,365
2019,MT,0.0742667616438356,3.969706849315069,365
2019,NC,0.020171594520547943,2.365257808219178,365
2019,ND,0.08012028493150686,4.522603835616438,365
2019,NE,0.0715478794520548,4.190951780821917,365
2019,NH,0.05049440547945206,3.0748479452054798,365
2019,NJ,0.0381185397260274,2.9225599999999994,365
2019,NM,0.06546531232876712,3.905337808219178,365
2019,NV,0.039319928767123286,3.0858758904109593,365
2019,NY,0.03923699452054794,3.1824145205479453,365
2019,OH,0.05059676712328767,3.554225479452055,365
2019,OK,0.055963191780821916,3.781582191780823,365
2019,OR,0.02472237534246575,2.532637260273972,365
2019,PA,0.026785068493150686,2.7206934246575343,365
2019,RI,0.047984131506849326,3.6199936986301364,365
2019,SC,0.012356221917808219,2.211967123287671,365
2019,SD,0.07708640273972604,4.283096164383561,365
2019,TN,0.015312304109589042,2.2346791780821924,365
2019,TX,0.05520534520547945,3.7765854794520544,365
2019,UT,0.04120473424657534,3.0790789041095894,365
2019,VA,0.025253668493150687,2.5809219178082192,365
2019,VT,0.017793509589041096,2.3350857534246576,365
2019,WA,0.021184589041095894,2.3961479452054797,365
2019,WI,0.02989226575342465,3.091244383561644,365
2019,WV,0.0165063095890411,2.3236169863013703,365
2019,WY,0.0713781397260274,3.856545753424657,365
2020,AL,0.018737024590163937,2.3515499999999996,366
2020,AR,0.01989984426229508,2.6392251366120223,366
2020,AZ,0.03254872677595629,3.008865300546448,366
2020,CA,0.02642366393442623,2.6188972677595626,366
2020,CO,0.06607099180327868,3.718522950819672,366
2020,CT,0.03888409836065573,3.2162019125683066,366
2020,DE,0.05045569672131148,3.5533926229508204,366
2020,FL,0.025230038251366122,2.580923224043716,366
2020,GA,0.01085543989071038,2.106787431693989,366
2020,IA,0.06456735519125684,4.088657923497268,366
2020,ID,0.03257546721311476,2.8309928961748634,366
2020,IL,0.043159300546448086,3.3702051912568307,366
2020,IN,0.03817872677595628,3.295740983606557,366
2020,KS,0.08144028142076504,4.46025081967213,366
2020,KY,0.01621007923497268,2.3632098360655736,366
2020,LA,0.04415676775956284,3.0214371584699453,366
2020,MA,0.049447543715846996,3.5924325136612025,366
2020,MD,0.03269295901639345,2.9830494535519128,366
2020,ME,0.026625147540983607,2.776739890710382,366
2020,MI,0.0475251174863388,3.4854592896174865,366
2020,MN,0.04555177595628414,3.4358620218579228,366
2020,MO,0.027712084699453552,3.067449726775956,366
2020,MS,0.020551516393442628,2.458385792349727,366
2020,MT,0.09229284153005465,4.33320519125683,366
2020,NC,0.021531822404371584,2.4022806010928965,366
2020,ND,0.09201256557377048,4.683718579234973,366
2020,NE,0.08090157103825137,4.350922131147541,366
2020,NH,0.04808788797814208,3.0569879781420766,366
2020,NJ,0.035083210382513656,2.803679781420765,366
2020,NM,0.06350172950819673,3.89324262295082,366
2020,NV,0.037847759562841525,3.0151508196721313,366
2020,NY,0.037539975409836064,3.184601639344262,366
2020,OH,0.04427980874316939,3.4350904371584705,366
2020,OK,0.0558763524590164,3.77576912568306,366
2020,OR,0.02763109016393443,2.6149489071038254,366
2020,PA,0.02509990163934427,2.758543989071038,366
2020,RI,0.046565598360655734,3.4326628415300537,366
2020,SC,0.013506849726775957,2.224046174863388,366
2020,SD,0.08093591803278688,4.272401092896175,366
2020,TN,0.014840598360655738,2.2844838797814204,366
2020,TX,0.05013946174863388,3.709620218579235,366
2020,UT,0.044448909836065566,3.177901092896175,366
2020,VA,0.027228461748633876,2.658334426229508,366
2020,VT,0.01820682513661202,2.413054918032787,366
2020,WA,0.03137884972677596,2.668654644808743,366
2020,WI,0.031305357923497264,3.1523912568306005,366
2020,WV,0.015183169398907103,2.2490467213114753,366
2020,WY,0.08153976775956284,4.04451174863388,366
2021,AL,0.011484109589041096,2.0827189041095893,365
2021,AR,0.020801893150684935,2.6481482191780823,365
2021,AZ,0.03508372876712328,3.0481690410958904,365
2021,CA,0.03325561095890411,2.8301150684931513,365
2021,CO,0.06242846575342466,3.618733698630137,365
2021,CT,0.03352863287671233,2.9370961643835614,365
2021,DE,0.044718898630136984,3.472136438356164,365
2021,FL,0.01988824109589041,2.4396043835616434,365
2021,GA,0.008502016438356165,1.8775575342465753,365
2021,IA,0.05916560273972604,3.9526657534246574,365
2021,ID,0.03410959726027397,2.8823372602739727,365
2021,IL,0.041979372602739734,3.3773709589041094,365
2021,IN,0.03482898630136987,3.2316202739726028,365
2021,KS,0.08119834520547946,4.451147123287671,365
2021,KY,0.013864671232876715,2.229411780821918,365
2021,LA,0.03879571506849315,2.889879452054794,365
2021,MA,0.043072249315068485,3.429372054794521,365
2021,MD,0.03057378904109589,2.9968545205479455,365
2021,ME,0.02435865205479452,2.685867671232877,365
2021,MI,0.04059436164383561,3.2800391780821916,365
2021,MN,0.041999986301369856,3.3102671232876713,365
2021,MO,0.029197679452054794,3.1184558904109587,365
2021,MS,0.01701361095890411,2.353747397260274,365
2021,MT,0.08921064931506849,4.21014904109589,365
2021,NC,0.016969854794520546,2.2653082191780824,365
2021,ND,0.09105207123287669,4.647418356164384,365
2021,NE,0.07147446575342466,4.112585479452055,365
2021,NH,0.04756546575342465,2.8642871232876717,365
2021,NJ,0.03173284109589041,2.796410684931507,365
2021,NM,0.06274675342465752,3.8079120547945204,365
2021,NV,0.041846654794520544,3.118773698630137,365
2021,NY,0.03399460273972603,3.064364931506849,365
2021,OH,0.039849701369863016,3.327993150684931,365
2021,OK,0.056702468493150686,3.744806575342466,365
2021,OR,0.03102719726027397,2.7439849315068496,365
2021,PA,0.022117942465753427,2.6419969863013697,365
2021,RI,0.039429389041095886,3.2514397260273977,365
2021,SC,0.010705504109589042,2.0609602739726034,365
2021,SD,0.08207734794520549,4.342348493150684,365
2021,TN,0.0137308,2.2325569863013706,365
2021,TX,0.04782386301369863,3.6028495890410963,365
2021,UT,0.043339893150684934,3.1772432876712333,365
2021,VA,0.021521967123287668,2.515956164383561,365
2021,VT,0.014053210958904109,2.1289252054794514,365
2021,WA,0.03097182191780822,2.6846,365
2021,WI,0.02835482465753425,2.9674356164383564,365
2021,WV,0.011771035616438356,2.0879476712328766,365
2021,WY,0.08019358082191781,4.035357808219178,365
2022,AL,0.013671799999999998,2.160295616438356,365
2022,AR,0.023840898630136994,2.7507564383561642,365
2022,AZ,0.03772493150684931,3.0913013698630136,365
2022,CA,0.03196994246575342,2.798900273972603,365
2022,CO,0.06820012602739725,3.696192054794521,365
2022,CT,0.040506150684931505,3.2864175342465747,365
2022,DE,0.05494882465753425,3.655879726027398,365
2022,FL,0.02679199452054794,2.9869854794520543,365
2022,GA,0.01187422191780822,2.0687016438356163,365
2022,IA,0.08495511232876712,4.482551232876713,365
2022,ID,0.031926142465753427,2.7241071232876712,365
2022,IL,0.05256645205479452,3.664726027397261,365
2022,IN,0.04399530958904109,3.520534246575342,365
2022,KS,0.09928596712328767,4.723781643835617,365
2022,KY,0.017649608219178083,2.36263698630137,365
2022,LA,0.0373965808219178,2.8425701369863012,365
2022,MA,0.0513364301369863,3.6223613698630133,365
2022,MD,0.036445602739726024,3.193438904109589,365
2022,ME,0.028922879452054795,2.8416873972602743,365
2022,MI,0.050931964383561644,3.6072293150684924,365
2022,MN,0.062176893150684934,3.7941041095890418,365
2022,MO,0.03723700273972602,3.3521473972602744,365
2022,MS,0.01968694520547945,2.5095531506849316,365
2022,MT,0.10323686575342465,4.458367123287671,365
2022,NC,0.021956663013698623,2.4410906849315066,365
2022,ND,0.12873201369863016,5.177547945205479,365
2022,NE,0.1002176904109589,4.641066301369863,365
2022,NH,0.05144978904109589,3.069138082191781,365
2022,NJ,0.04192462739726027,3.180171506849315,365
2022,NM,0.0667501808219178,3.81342794520548,365
2022,NV,0.04330291780821918,3.09190602739726,365
2022,NY,0.04016418630136987,3.3170328767123283,365
2022,OH,0.05108467671232877,3.614312876712329,365
2022,OK,0.07185755342465755,4.054085205479451,365
2022,OR,0.027138695890410958,2.5565975342465754,365
2022,PA,0.02595338356164384,2.835048767123288,365
2022,RI,0.04545209863013698,3.485183561643836,365
2022,SC,0.015849087671232873,2.31086301369863,365
2022,SD,0.11228993150684931,4.780229041095891,365
2022,TN,0.017295964383561645,2.3767128767123284,365
2022,TX,0.057841879452054795,3.8508810958904114,365
2022,UT,0.04523454246575342,3.208213424657534,365
2022,VA,0.025795126027397263,2.6289216438356164,365
2022,VT,0.018001506849315067,2.383501095890411,365
2022,WA,0.025827873972602743,2.5473643835616437,365
2022,WI,0.03756442191780822,3.3275816438356163,365
2022,WV,0.014513668493150684,2.2464627397260277,365
2022,WY,0.08495551506849315,4.071515616438355,365
2023,AL,0.013232402739726028,2.123540821917808,365
2023,AR,0.019335073972602743,2.5231139726027396,365
2023,AZ,0.03574709315068493,3.0935189041095894,365
2023,CA,0.031920778082191785,2.84602191780822,365
2023,CO,0.057242257534246575,3.496447671232877,365
2023,CT,0.031374049315068486,3.043294520547945,365
2023,DE,0.04338903287671233,3.407705479452055,365
2023,FL,0.028157947945205482,3.1464980821917807,365
2023,GA,0.010690791780821917,2.065147397260274,365
2023,IA,0.05796503561643836,3.9476942465753417,365
2023,ID,0.02639908767123287,2.5924646575342467,365
2023,IL,0.03987527123287671,3.3385627397260267,365
2023,IN,0.0355629397260274,3.2374493150684933,365
2023,KS,0.07075243561643836,4.25753205479452,365
2023,KY,0.016606405479452056,2.2766268493150683,365
2023,LA,0.033018871232876716,2.8434547945205475,365
2023,MA,0.035517358904109585,3.2074435616438355,365
2023,MD,0.030696578082191783,3.0191523287671234,365
2023,ME,0.02320372602739726,2.62756301369863,365
2023,MI,0.039034136986301364,3.2928084931506847,365
2023,MN,0.04017416164383562,3.301565205479452,365
2023,MO,0.03050030958904109,3.0717668493150683,365
2023,MS,0.019020312328767126,2.5403120547945206,365
2023,MT,0.0672710794520548,3.8508967123287676,365
2023,NC,0.019162087671232876,2.304567671232877,365
2023,ND,0.07417939452054793,4.315397534246576,365
2023,NE,0.06826691506849317,4.004681369863013,365
2023,NH,0.04539436712328767,2.7397169863013704,365
2023,NJ,0.031599586301369866,2.8997528767123293,365
2023,NM,0.06621427671232877,3.8924673972602744,365
2023,NV,0.03928160547945205,3.0626934246575344,365
2023,NY,0.03080161095890411,3.029819726027397,365
2023,OH,0.03920370958904109,3.2902849315068496,365
2023,OK,0.04985173972602741,3.653243835616438,365
2023,OR,0.025878147945205477,2.595240273972603,365
2023,PA,0.021295772602739727,2.65527205479452,365
2023,RI,0.03742969589041096,3.2915463013698627,365
2023,SC,0.014113468493150682,2.236951506849315,365
2023,SD,0.07082696438356163,4.051036712328767,365
2023,TN,0.014963512328767125,2.217786301369863,365
2023,TX,0.044881671232876716,3.617939452054794,365
2023,UT,0.038885783561643836,3.058349041095891,365
2023,VA,0.022514646575342464,2.470090410958904,365
2023,VT,0.012797769863013696,2.0929690410958903,365
2023,WA,0.024497268493150686,2.582118630136986,365
2023,WI,0.02654288767123288,2.9846676712328764,365
2023,WV,0.013076282191780822,2.1925145205479453,365
2023,WY,0.061102120547945206,3.545220547945206,365
2024,AL,0.012871631147540984,2.16990956284153,366
2024,AR,0.02024130601092896,2.568594262295082,366
2024,AZ,0.03226440983606558,2.9878448087431697,366
2024,CA,0.02911713661202186,2.753537978142077,366
2024,CO,0.06417941530054647,3.6546215846994543,366
2024,CT,0.0285376393442623,3.006191256830602,366
2024,DE,0.03948459289617486,3.372500819672131,366
2024,FL,0.03132798633879781,3.258201639344262,366
2024,GA,0.012569871584699454,2.181786338797814,366
2024,IA,0.06809303278688525,4.140462021857923,366
2024,ID,0.030719038251366116,2.708916393442623,366
2024,IL,0.045468486338797826,3.489536885245902,366
2024,IN,0.039434311475409836,3.3563297814207655,366
2024,KS,0.07967388524590166,4.410956010928962,366
2024,KY,0.016255114754098358,2.3099166666666666,366
2024,LA,0.03895117213114755,2.904936338797814,366
2024,MA,0.03975492622950819,3.3530721311475413,366
2024,MD,0.03206850546448087,3.0950174863387976,366
2024,ME,0.02368795628415301,2.6614595628415296,366
2024,MI,0.044722098360655736,3.4584092896174865,366
2024,MN,0.048281120218579235,3.4989475409836066,366
2024,MO,0.033791967213114754,3.177931967213115,366
2024,MS,0.019801948087431694,2.5591344262295084,366
2024,MT,0.07629368579234974,4.039531693989071,366
2024,NC,0.01907327049180328,2.3589571038251367,366
2024,ND,0.09224207103825137,4.61419043715847,366
2024,NE,0.07367329234972678,4.150749726775956,366
2024,NH,0.04441653005464482,2.7480997267759557,366
2024,NJ,0.03325186885245902,2.9518833333333334,366
2024,NM,0.06630744262295082,3.8803885245901637,366
2024,NV,0.040012863387978145,3.0889759562841523,366
2024,NY,0.03343566666666666,3.1017969945355195,366
2024,OH,0.04513099453551912,3.3897101092896182,366
2024,OK,0.05415457377049181,3.7593139344262294,366
2024,OR,0.029046527322404366,2.689495081967213,366
2024,PA,0.02320372404371585,2.6856792349726772,366
2024,RI,0.03986551639344263,3.346177868852459,366
2024,SC,0.016808032786885245,2.3616579234972677,366
2024,SD,0.0800582267759563,4.2767505464480875,366
2024,TN,0.016022606557377046,2.313222950819672,366
2024,TX,0.04511925956284153,3.57456174863388,366
2024,UT,0.04117176775956284,3.1280092896174865,366
2024,VA,0.021497715846994534,2.4541811475409836,366
2024,VT,0.014182868852459016,2.1459333333333332,366
2024,WA,0.027623122950819673,2.649449726775956,366
2024,WI,0.031102439890710383,3.106122677595629,366
2024,WV,0.013171500000000001,2.1509961748633883,366
2024,WY,0.07328152185792348,3.814037978142077,366
2025,AL,0.0130672125,2.1511925,240
2025,AR,0.025882832635983264,2.750318410041841,239
2025,AZ,0.04152927615062762,3.2890744769874476,239
2025,CA,0.03511573221757322,3.0130560669456066,239
2025,CO,0.06261423012552302,3.726177824267782,239
2025,CT,0.02983591596638656,3.1442256302521003,238
2025,DE,0.04481926050420169,3.453683193277311,238
2025,FL,0.02593906276150628,3.0983125523012554,239
2025,GA,0.011854652719665274,2.1700728033472805,239
2025,IA,0.07231598744769875,4.2049736401673625,239
2025,ID,0.029477979079497906,2.782687029288703,239
2025,IL,0.04915142677824268,3.550812552301255,239
2025,IN,0.04229905857740586,3.4655217573221755,239
2025,KS,0.08835799999999999,4.583959414225942,239
2025,KY,0.01849778661087866,2.386907949790795,239
2025,LA,0.03739633472803347,2.88741129707113,239
2025,MA,0.05116599579831932,3.7176172268907566,238
2025,MD,0.039548659663865546,3.310556302521008,238
2025,ME,0.02695509623430962,2.8126782426778245,239
2025,MI,0.050551912133891215,3.712266527196653,239
2025,MN,0.04966156903765691,3.5365757322175733,239
2025,MO,0.03644063179916318,3.2128292887029284,239
2025,MS,0.022150589958158995,2.6374539748953976,239
2025,MT,0.07499148535564854,4.049320920502092,239
2025,NC,0.02187037238493724,2.5443598326359833,239
2025,ND,0.08880396652719666,4.663537656903765,239
2025,NE,0.08513207112970711,4.383629288702929,239
2025,NH,0.050376732217573224,3.0824958158995814,239
2025,NJ,0.03999229411764706,3.1830453781512604,238
2025,NM,0.07417303765690376,4.084949372384937,239
2025,NV,0.048797322175732225,3.3444514644351457,239
2025,NY,0.04521391631799164,3.4538087866108786,239
2025,OH,0.04929739748953974,3.5599493723849367,239
2025,OK,0.060752928870292884,3.8465866108786613,239
2025,OR,0.02574047280334728,2.6168443514644353,239
2025,PA,0.03130143096234309,3.0147962343096233,239
2025,RI,0.04319200418410042,3.4341284518828448,239
2025,SC,0.016701669456066947,2.433866527196653,239
2025,SD,0.08144214644351466,4.392382845188285,239
2025,TN,0.019129953974895395,2.460671548117155,239
2025,TX,0.0551228410041841,3.910987029288703,239
2025,UT,0.04862289121338912,3.410233472803348,239
2025,VA,0.024663748953974895,2.6115343096234307,239
2025,VT,0.018612542016806722,2.420009243697479,238
2025,WA,0.025269460251046025,2.6617355648535566,239
2025,WI,0.03477931380753139,3.241926359832637,239
2025,WV,0.01666681171548117,2.35872050209205,239
2025,WY,0.08020293723849373,4.039630543933054,239
