date,region,capacity_factor
1995-01-01,CA,0.013005
1995-01-01,FL,0.002888
1995-01-01,MN,0.02772
1995-01-01,TX,0.082865
1995-01-02,CA,0.016321
1995-01-02,FL,0.018416
1995-01-02,MN,0.053534
1995-01-02,TX,0.030617
1995-01-03,CA,0.034959
1995-01-03,FL,0.006598
1995-01-03,MN,0.087815
1995-01-03,TX,0.037708
1995-01-04,CA,0.105512
1995-01-04,FL,0.013518
1995-01-04,MN,0.038035
1995-01-04,TX,0.072887
1995-01-05,CA,0.161117
1995-01-05,FL,0.04805
1995-01-05,MN,0.16014
1995-01-05,TX,0.073121
1995-01-06,CA,0.050008
1995-01-06,FL,0.089886
1995-01-06,MN,0.094909
1995-01-06,TX,0.148176
1995-01-07,CA,0.151811
1995-01-07,FL,0.077144
1995-01-07,MN,0.037905
1995-01-07,TX,0.034476
1995-01-08,CA,0.127293
1995-01-08,FL,0.021537
1995-01-08,MN,0.037557
1995-01-08,TX,0.043458
1995-01-09,CA,0.165392
1995-01-09,FL,0.009219
1995-01-09,MN,0.019167
1995-01-09,TX,0.020066
1995-01-10,CA,0.148839
1995-01-10,FL,0.010602
1995-01-10,MN,0.062912
1995-01-10,TX,0.066349
1995-01-11,CA,0.083149
1995-01-11,FL,0.010825
1995-01-11,MN,0.053876
1995-01-11,TX,0.097186
1995-01-12,CA,0.05663
1995-01-12,FL,0.01366
1995-01-12,MN,0.004632
1995-01-12,TX,0.091225
1995-01-13,CA,0.070938
1995-01-13,FL,0.083726
1995-01-13,MN,0.023125
1995-01-13,TX,0.105316
1995-01-14,CA,0.079666
1995-01-14,FL,0.103059
1995-01-14,MN,0.008603
1995-01-14,TX,0.084263
1995-01-15,CA,0.047858
1995-01-15,FL,0.051507
1995-01-15,MN,0.015074
1995-01-15,TX,0.026158
1995-01-16,CA,0.056293
1995-01-16,FL,0.039954
1995-01-16,MN,0.161313
1995-01-16,TX,0.123364
1995-01-17,CA,0.022059
1995-01-17,FL,0.004356
1995-01-17,MN,0.222948
1995-01-17,TX,0.063513
1995-01-18,CA,0.009552
1995-01-18,FL,0.007611
1995-01-18,MN,0.091799
1995-01-18,TX,0.126431
1995-01-19,CA,0.010867
1995-01-19,FL,0.041919
1995-01-19,MN,0.010351
1995-01-19,TX,0.067412
1995-01-20,CA,0.025232
1995-01-20,FL,0.077189
1995-01-20,MN,0.057665
1995-01-20,TX,0.005254
1995-01-21,CA,0.02108
1995-01-21,FL,0.027469
1995-01-21,MN,0.0909
1995-01-21,TX,0.015126
1995-01-22,CA,0.055402
1995-01-22,FL,0.007025
1995-01-22,MN,0.106456
1995-01-22,TX,0.060077
1995-01-23,CA,0.040924
1995-01-23,FL,0.090493
1995-01-23,MN,0.023201
1995-01-23,TX,0.083553
1995-01-24,CA,0.048255
1995-01-24,FL,0.075416
1995-01-24,MN,0.00133
1995-01-24,TX,0.016746
1995-01-25,CA,0.038189
1995-01-25,FL,0.021349
1995-01-25,MN,0.001628
1995-01-25,TX,0.013989
1995-01-26,CA,0.053468
1995-01-26,FL,0.007728
1995-01-26,MN,0.009665
1995-01-26,TX,0.050911
1995-01-27,CA,0.020824
1995-01-27,FL,0.006332
1995-01-27,MN,0.020554
1995-01-27,TX,0.106578
1995-01-28,CA,0.015641
1995-01-28,FL,0.04923
1995-01-28,MN,0.019448
1995-01-28,TX,0.090191
1995-01-29,CA,0.015087
1995-01-29,FL,0.015055
1995-01-29,MN,0.021432
1995-01-29,TX,0.074963
1995-01-30,CA,0.016713
1995-01-30,FL,0.031426
1995-01-30,MN,0.05245
1995-01-30,TX,0.055791
1995-01-31,CA,0.018752
1995-01-31,FL,0.031522
1995-01-31,MN,0.069879
1995-01-31,TX,0.032979
1995-02-01,CA,0.010762
1995-02-01,FL,0.017383
1995-02-01,MN,0.016428
1995-02-01,TX,0.01764
1995-02-02,CA,0.011347
1995-02-02,FL,0.042378
1995-02-02,MN,0.000657
1995-02-02,TX,0.022138
1995-02-03,CA,0.014062
1995-02-03,FL,0.016953
1995-02-03,MN,0.192081
1995-02-03,TX,0.175446
1995-02-04,CA,0.00765
1995-02-04,FL,0.255351
1995-02-04,MN,0.094067
1995-02-04,TX,0.054249
1995-02-05,CA,0.004239
1995-02-05,FL,0.083633
1995-02-05,MN,0.010182
1995-02-05,TX,0.044381
1995-02-06,CA,0.005164
1995-02-06,FL,0.040186
1995-02-06,MN,0.011051
1995-02-06,TX,0.023476
1995-02-07,CA,0.015166
1995-02-07,FL,0.024198
1995-02-07,MN,0.177936
1995-02-07,TX,0.084791
1995-02-08,CA,0.030573
1995-02-08,FL,0.14857
1995-02-08,MN,0.04902
1995-02-08,TX,0.081502
1995-02-09,CA,0.012128
1995-02-09,FL,0.040375
1995-02-09,MN,0.029722
1995-02-09,TX,0.064121
1995-02-10,CA,0.01078
1995-02-10,FL,0.043399
1995-02-10,MN,0.336602
1995-02-10,TX,0.069111
1995-02-11,CA,0.017666
1995-02-11,FL,0.074949
1995-02-11,MN,0.161823
1995-02-11,TX,0.113942
1995-02-12,CA,0.050266
1995-02-12,FL,0.061231
1995-02-12,MN,0.044249
1995-02-12,TX,0.096709
1995-02-13,CA,0.079166
1995-02-13,FL,0.016831
1995-02-13,MN,0.053204
1995-02-13,TX,0.05207
1995-02-14,CA,0.064065
1995-02-14,FL,0.013187
1995-02-14,MN,0.047246
1995-02-14,TX,0.061249
1995-02-15,CA,0.015267
1995-02-15,FL,0.026993
1995-02-15,MN,0.087188
1995-02-15,TX,0.074971
1995-02-16,CA,0.008283
1995-02-16,FL,0.022572
1995-02-16,MN,0.022465
1995-02-16,TX,0.062333
1995-02-17,CA,0.014441
1995-02-17,FL,0.010229
1995-02-17,MN,0.02498
1995-02-17,TX,0.082765
1995-02-18,CA,0.020724
1995-02-18,FL,0.011985
1995-02-18,MN,0.033012
1995-02-18,TX,0.016752
1995-02-19,CA,0.028034
1995-02-19,FL,0.00909
1995-02-19,MN,0.055365
1995-02-19,TX,0.038818
1995-02-20,CA,0.019635
1995-02-20,FL,0.025636
1995-02-20,MN,0.209381
1995-02-20,TX,0.0152
1995-02-21,CA,0.009641
1995-02-21,FL,0.145015
1995-02-21,MN,0.075358
1995-02-21,TX,0.022523
1995-02-22,CA,0.005032
1995-02-22,FL,0.028647
1995-02-22,MN,0.015745
1995-02-22,TX,0.048161
1995-02-23,CA,0.005191
1995-02-23,FL,0.007682
1995-02-23,MN,0.162324
1995-02-23,TX,0.043354
1995-02-24,CA,0.004855
1995-02-24,FL,0.015787
1995-02-24,MN,0.036717
1995-02-24,TX,0.063033
1995-02-25,CA,0.005285
1995-02-25,FL,0.024629
1995-02-25,MN,0.095702
1995-02-25,TX,0.048063
1995-02-26,CA,0.004919
1995-02-26,FL,0.031988
1995-02-26,MN,0.051724
1995-02-26,TX,0.089815
1995-02-27,CA,0.004594
1995-02-27,FL,0.032601
1995-02-27,MN,0.050475
1995-02-27,TX,0.045883
1995-02-28,CA,0.011408
1995-02-28,FL,0.026862
1995-02-28,MN,0.074728
1995-02-28,TX,0.101644
1995-03-01,CA,0.011923
1995-03-01,FL,0.051083
1995-03-01,MN,0.036337
1995-03-01,TX,0.089492
1995-03-02,CA,0.026035
1995-03-02,FL,0.048807
1995-03-02,MN,0.059762
1995-03-02,TX,0.051336
1995-03-03,CA,0.044563
1995-03-03,FL,0.019499
1995-03-03,MN,0.064696
1995-03-03,TX,0.04375
1995-03-04,CA,0.025693
1995-03-04,FL,0.014379
1995-03-04,MN,0.028691
1995-03-04,TX,0.047653
1995-03-05,CA,0.040324
1995-03-05,FL,0.041339
1995-03-05,MN,0.072838
1995-03-05,TX,0.046168
1995-03-06,CA,0.052553
1995-03-06,FL,0.03167
1995-03-06,MN,0.020504
1995-03-06,TX,0.091005
1995-03-07,CA,0.011462
1995-03-07,FL,0.083703
1995-03-07,MN,0.085185
1995-03-07,TX,0.327625
1995-03-08,CA,0.040716
1995-03-08,FL,0.10071
1995-03-08,MN,0.029832
1995-03-08,TX,0.127067
1995-03-09,CA,0.178682
1995-03-09,FL,0.116009
1995-03-09,MN,0.118664
1995-03-09,TX,0.050552
1995-03-10,CA,0.176148
1995-03-10,FL,0.088788
1995-03-10,MN,0.096059
1995-03-10,TX,0.071631
1995-03-11,CA,0.106553
1995-03-11,FL,0.064438
1995-03-11,MN,0.054167
1995-03-11,TX,0.11007
1995-03-12,CA,0.027611
1995-03-12,FL,0.089255
1995-03-12,MN,0.119937
1995-03-12,TX,0.178137
1995-03-13,CA,0.046361
1995-03-13,FL,0.080744
1995-03-13,MN,0.093631
1995-03-13,TX,0.116627
1995-03-14,CA,0.038252
1995-03-14,FL,0.073457
1995-03-14,MN,0.012388
1995-03-14,TX,0.080372
1995-03-15,CA,0.034205
1995-03-15,FL,0.042924
1995-03-15,MN,0.001197
1995-03-15,TX,0.059897
1995-03-16,CA,0.017195
1995-03-16,FL,0.019533
1995-03-16,MN,0.02121
1995-03-16,TX,0.030824
1995-03-17,CA,0.015233
1995-03-17,FL,0.027179
1995-03-17,MN,0.032608
1995-03-17,TX,0.016429
1995-03-18,CA,0.032894
1995-03-18,FL,0.016905
1995-03-18,MN,0.007398
1995-03-18,TX,0.014647
1995-03-19,CA,0.035962
1995-03-19,FL,0.041116
1995-03-19,MN,0.030482
1995-03-19,TX,0.091925
1995-03-20,CA,0.077193
1995-03-20,FL,0.019394
1995-03-20,MN,0.125105
1995-03-20,TX,0.092965
1995-03-21,CA,0.110148
1995-03-21,FL,0.024419
1995-03-21,MN,0.041421
1995-03-21,TX,0.078018
1995-03-22,CA,0.164226
1995-03-22,FL,0.03987
1995-03-22,MN,0.04336
1995-03-22,TX,0.124213
1995-03-23,CA,0.121212
1995-03-23,FL,0.085644
1995-03-23,MN,0.010107
1995-03-23,TX,0.02563
1995-03-24,CA,0.083938
1995-03-24,FL,0.050234
1995-03-24,MN,0.033345
1995-03-24,TX,0.062839
1995-03-25,CA,0.065785
1995-03-25,FL,0.028781
1995-03-25,MN,0.107951
1995-03-25,TX,0.144985
1995-03-26,CA,0.033347
1995-03-26,FL,0.046977
1995-03-26,MN,0.14105
1995-03-26,TX,0.080925
1995-03-27,CA,0.041618
1995-03-27,FL,0.022431
1995-03-27,MN,0.17261
1995-03-27,TX,0.085792
1995-03-28,CA,0.040576
1995-03-28,FL,0.014338
1995-03-28,MN,0.032482
1995-03-28,TX,0.099768
1995-03-29,CA,0.027787
1995-03-29,FL,0.009152
1995-03-29,MN,0.027571
1995-03-29,TX,0.092239
1995-03-30,CA,0.042649
1995-03-30,FL,0.015018
1995-03-30,MN,0.031935
1995-03-30,TX,0.054072
1995-03-31,CA,0.018356
1995-03-31,FL,0.027281
1995-03-31,MN,0.020107
1995-03-31,TX,0.040913
1995-04-01,CA,0.042404
1995-04-01,FL,0.013824
1995-04-01,MN,0.033464
1995-04-01,TX,0.015419
1995-04-02,CA,0.072319
1995-04-02,FL,0.045942
1995-04-02,MN,0.100321
1995-04-02,TX,0.067231
1995-04-03,CA,0.025808
1995-04-03,FL,0.029624
1995-04-03,MN,0.243283
1995-04-03,TX,0.074532
1995-04-04,CA,0.016918
1995-04-04,FL,0.023447
1995-04-04,MN,0.161139
1995-04-04,TX,0.087523
1995-04-05,CA,0.026706
1995-04-05,FL,0.028027
1995-04-05,MN,0.074332
1995-04-05,TX,0.042736
1995-04-06,CA,0.044056
1995-04-06,FL,0.038966
1995-04-06,MN,0.035476
1995-04-06,TX,0.016699
1995-04-07,CA,0.091466
1995-04-07,FL,0.02153
1995-04-07,MN,0.015292
1995-04-07,TX,0.053018
1995-04-08,CA,0.104747
1995-04-08,FL,0.015583
1995-04-08,MN,0.029285
1995-04-08,TX,0.116182
1995-04-09,CA,0.157619
1995-04-09,FL,0.010822
1995-04-09,MN,0.113097
1995-04-09,TX,0.172652
1995-04-10,CA,0.080863
1995-04-10,FL,0.026451
1995-04-10,MN,0.114633
1995-04-10,TX,0.188427
1995-04-11,CA,0.033065
1995-04-11,FL,0.103166
1995-04-11,MN,0.083643
1995-04-11,TX,0.140292
1995-04-12,CA,0.035367
1995-04-12,FL,0.072232
1995-04-12,MN,0.072969
1995-04-12,TX,0.023017
1995-04-13,CA,0.082487
1995-04-13,FL,0.019754
1995-04-13,MN,0.051281
1995-04-13,TX,0.031657
1995-04-14,CA,0.098405
1995-04-14,FL,0.03288
1995-04-14,MN,0.144646
1995-04-14,TX,0.115817
1995-04-15,CA,0.080919
1995-04-15,FL,0.014007
1995-04-15,MN,0.278232
1995-04-15,TX,0.092021
1995-04-16,CA,0.059183
1995-04-16,FL,0.01632
1995-04-16,MN,0.037613
1995-04-16,TX,0.10286
1995-04-17,CA,0.067361
1995-04-17,FL,0.014674
1995-04-17,MN,0.005407
1995-04-17,TX,0.180529
1995-04-18,CA,0.108583
1995-04-18,FL,0.023398
1995-04-18,MN,0.16261
1995-04-18,TX,0.115942
1995-04-19,CA,0.11949
1995-04-19,FL,0.01907
1995-04-19,MN,0.053469
1995-04-19,TX,0.103132
1995-04-20,CA,0.118047
1995-04-20,FL,0.039483
1995-04-20,MN,0.03259
1995-04-20,TX,0.093963
1995-04-21,CA,0.107092
1995-04-21,FL,0.039441
1995-04-21,MN,0.068669
1995-04-21,TX,0.061403
1995-04-22,CA,0.032222
1995-04-22,FL,0.020908
1995-04-22,MN,0.039055
1995-04-22,TX,0.119579
1995-04-23,CA,0.030871
1995-04-23,FL,0.047461
1995-04-23,MN,0.025499
1995-04-23,TX,0.172855
1995-04-24,CA,0.020448
1995-04-24,FL,0.050329
1995-04-24,MN,0.032087
1995-04-24,TX,0.039025
1995-04-25,CA,0.052012
1995-04-25,FL,0.028822
1995-04-25,MN,0.010727
1995-04-25,TX,0.053823
1995-04-26,CA,0.051597
1995-04-26,FL,0.032635
1995-04-26,MN,0.048098
1995-04-26,TX,0.139918
1995-04-27,CA,0.062731
1995-04-27,FL,0.011317
1995-04-27,MN,0.020909
1995-04-27,TX,0.076066
1995-04-28,CA,0.058664
1995-04-28,FL,0.016438
1995-04-28,MN,0.002414
1995-04-28,TX,0.060331
1995-04-29,CA,0.095972
1995-04-29,FL,0.014357
1995-04-29,MN,0.010525
1995-04-29,TX,0.121359
1995-04-30,CA,0.045867
1995-04-30,FL,0.012061
1995-04-30,MN,0.01011
1995-04-30,TX,0.084993
1995-05-01,CA,0.076209
1995-05-01,FL,0.016792
1995-05-01,MN,0.007534
1995-05-01,TX,0.135514
1995-05-02,CA,0.068087
1995-05-02,FL,0.034207
1995-05-02,MN,0.004063
1995-05-02,TX,0.074677
1995-05-03,CA,0.039511
1995-05-03,FL,0.012002
1995-05-03,MN,0.010735
1995-05-03,TX,0.086297
1995-05-04,CA,0.075302
1995-05-04,FL,0.020504
1995-05-04,MN,0.010724
1995-05-04,TX,0.046458
1995-05-05,CA,0.181816
1995-05-05,FL,0.022593
1995-05-05,MN,0.014359
1995-05-05,TX,0.07812
1995-05-06,CA,0.087903
1995-05-06,FL,0.016501
1995-05-06,MN,0.017356
1995-05-06,TX,0.120757
1995-05-07,CA,0.050179
1995-05-07,FL,0.016703
1995-05-07,MN,0.054974
1995-05-07,TX,0.220174
1995-05-08,CA,0.039056
1995-05-08,FL,0.028375
1995-05-08,MN,0.169857
1995-05-08,TX,0.206626
1995-05-09,CA,0.02993
1995-05-09,FL,0.0556
1995-05-09,MN,0.137374
1995-05-09,TX,0.059478
1995-05-10,CA,0.04226
1995-05-10,FL,0.063423
1995-05-10,MN,0.055414
1995-05-10,TX,0.045154
1995-05-11,CA,0.094254
1995-05-11,FL,0.047522
1995-05-11,MN,0.0152
1995-05-11,TX,0.047162
1995-05-12,CA,0.123498
1995-05-12,FL,0.036457
1995-05-12,MN,0.05691
1995-05-12,TX,0.085606
1995-05-13,CA,0.109278
1995-05-13,FL,0.019406
1995-05-13,MN,0.076677
1995-05-13,TX,0.118659
1995-05-14,CA,0.034297
1995-05-14,FL,0.014777
1995-05-14,MN,0.179835
1995-05-14,TX,0.062717
1995-05-15,CA,0.027509
1995-05-15,FL,0.018951
1995-05-15,MN,0.045653
1995-05-15,TX,0.065798
1995-05-16,CA,0.047816
1995-05-16,FL,0.018225
1995-05-16,MN,0.121103
1995-05-16,TX,0.133887
1995-05-17,CA,0.053236
1995-05-17,FL,0.026937
1995-05-17,MN,0.061948
1995-05-17,TX,0.214163
1995-05-18,CA,0.030111
1995-05-18,FL,0.036797
1995-05-18,MN,0.008135
1995-05-18,TX,0.100065
1995-05-19,CA,0.020374
1995-05-19,FL,0.067972
1995-05-19,MN,0.03312
1995-05-19,TX,0.037045
1995-05-20,CA,0.02975
1995-05-20,FL,0.05663
1995-05-20,MN,0.224019
1995-05-20,TX,0.036894
1995-05-21,CA,0.044616
1995-05-21,FL,0.012907
1995-05-21,MN,0.033335
1995-05-21,TX,0.051747
1995-05-22,CA,0.069406
1995-05-22,FL,0.030255
1995-05-22,MN,0.0933
1995-05-22,TX,0.08039
1995-05-23,CA,0.068497
1995-05-23,FL,0.034291
1995-05-23,MN,0.067853
1995-05-23,TX,0.147415
1995-05-24,CA,0.060586
1995-05-24,FL,0.038893
1995-05-24,MN,0.007398
1995-05-24,TX,0.110051
1995-05-25,CA,0.047074
1995-05-25,FL,0.018762
1995-05-25,MN,0.002834
1995-05-25,TX,0.06501
1995-05-26,CA,0.049181
1995-05-26,FL,0.011909
1995-05-26,MN,0.022709
1995-05-26,TX,0.069734
1995-05-27,CA,0.04973
1995-05-27,FL,0.013428
1995-05-27,MN,0.101493
1995-05-27,TX,0.117241
1995-05-28,CA,0.032974
1995-05-28,FL,0.024064
1995-05-28,MN,0.133761
1995-05-28,TX,0.042128
1995-05-29,CA,0.032321
1995-05-29,FL,0.023249
1995-05-29,MN,0.020329
1995-05-29,TX,0.089859
1995-05-30,CA,0.021906
1995-05-30,FL,0.014408
1995-05-30,MN,0.023907
1995-05-30,TX,0.05498
1995-05-31,CA,0.020598
1995-05-31,FL,0.016514
1995-05-31,MN,0.021826
1995-05-31,TX,0.032246
1995-06-01,CA,0.045647
1995-06-01,FL,0.030283
1995-06-01,MN,0.01038
1995-06-01,TX,0.030599
1995-06-02,CA,0.097529
1995-06-02,FL,0.043824
1995-06-02,MN,0.004271
1995-06-02,TX,0.062601
1995-06-03,CA,0.054904
1995-06-03,FL,0.04663
1995-06-03,MN,0.007224
1995-06-03,TX,0.147859
1995-06-04,CA,0.064454
1995-06-04,FL,0.048155
1995-06-04,MN,0.029713
1995-06-04,TX,0.086258
1995-06-05,CA,0.152324
1995-06-05,FL,0.14664
1995-06-05,MN,0.026208
1995-06-05,TX,0.057659
1995-06-06,CA,0.170579
1995-06-06,FL,0.074677
1995-06-06,MN,0.014836
1995-06-06,TX,0.10234
1995-06-07,CA,0.143973
1995-06-07,FL,0.027685
1995-06-07,MN,0.088974
1995-06-07,TX,0.1041
1995-06-08,CA,0.056775
1995-06-08,FL,0.013989
1995-06-08,MN,0.047958
1995-06-08,TX,0.118459
1995-06-09,CA,0.039337
1995-06-09,FL,0.009086
1995-06-09,MN,0.008135
1995-06-09,TX,0.126836
1995-06-10,CA,0.039409
1995-06-10,FL,0.016746
1995-06-10,MN,0.050844
1995-06-10,TX,0.094296
1995-06-11,CA,0.052453
1995-06-11,FL,0.018942
1995-06-11,MN,0.014024
1995-06-11,TX,0.137918
1995-06-12,CA,0.050537
1995-06-12,FL,0.033899
1995-06-12,MN,0.006809
1995-06-12,TX,0.033995
1995-06-13,CA,0.050015
1995-06-13,FL,0.059043
1995-06-13,MN,0.009014
1995-06-13,TX,0.020044
1995-06-14,CA,0.060727
1995-06-14,FL,0.011529
1995-06-14,MN,0.027137
1995-06-14,TX,0.044738
1995-06-15,CA,0.097875
1995-06-15,FL,0.024736
1995-06-15,MN,0.085632
1995-06-15,TX,0.074774
1995-06-16,CA,0.074558
1995-06-16,FL,0.049447
1995-06-16,MN,0.102858
1995-06-16,TX,0.089257
1995-06-17,CA,0.033479
1995-06-17,FL,0.047818
1995-06-17,MN,0.071596
1995-06-17,TX,0.080112
1995-06-18,CA,0.057172
1995-06-18,FL,0.018817
1995-06-18,MN,0.041668
1995-06-18,TX,0.066239
1995-06-19,CA,0.065873
1995-06-19,FL,0.009532
1995-06-19,MN,0.028727
1995-06-19,TX,0.04094
1995-06-20,CA,0.074979
1995-06-20,FL,0.016533
1995-06-20,MN,0.018237
1995-06-20,TX,0.028895
1995-06-21,CA,0.042501
1995-06-21,FL,0.031449
1995-06-21,MN,0.013279
1995-06-21,TX,0.023561
1995-06-22,CA,0.02866
1995-06-22,FL,0.019341
1995-06-22,MN,0.026869
1995-06-22,TX,0.026811
1995-06-23,CA,0.026144
1995-06-23,FL,0.020679
1995-06-23,MN,0.018441
1995-06-23,TX,0.026154
1995-06-24,CA,0.019838
1995-06-24,FL,0.017766
1995-06-24,MN,0.010555
1995-06-24,TX,0.032322
1995-06-25,CA,0.020599
1995-06-25,FL,0.027414
1995-06-25,MN,0.016027
1995-06-25,TX,0.045772
1995-06-26,CA,0.028554
1995-06-26,FL,0.03008
1995-06-26,MN,0.018278
1995-06-26,TX,0.023677
1995-06-27,CA,0.036487
1995-06-27,FL,0.011625
1995-06-27,MN,0.005321
1995-06-27,TX,0.035183
1995-06-28,CA,0.031805
1995-06-28,FL,0.012134
1995-06-28,MN,0.011996
1995-06-28,TX,0.03537
1995-06-29,CA,0.042787
1995-06-29,FL,0.013017
1995-06-29,MN,0.055298
1995-06-29,TX,0.060004
1995-06-30,CA,0.046152
1995-06-30,FL,0.012557
1995-06-30,MN,0.099405
1995-06-30,TX,0.057856
1995-07-01,CA,0.040799
1995-07-01,FL,0.008109
1995-07-01,MN,0.013394
1995-07-01,TX,0.023829
1995-07-02,CA,0.046124
1995-07-02,FL,0.015462
1995-07-02,MN,0.040707
1995-07-02,TX,0.027545
1995-07-03,CA,0.072917
1995-07-03,FL,0.018113
1995-07-03,MN,0.055423
1995-07-03,TX,0.123865
1995-07-04,CA,0.042194
1995-07-04,FL,0.012921
1995-07-04,MN,0.033787
1995-07-04,TX,0.200899
1995-07-05,CA,0.032172
1995-07-05,FL,0.016216
1995-07-05,MN,0.075839
1995-07-05,TX,0.096023
1995-07-06,CA,0.047422
1995-07-06,FL,0.013816
1995-07-06,MN,0.226451
1995-07-06,TX,0.037989
1995-07-07,CA,0.034584
1995-07-07,FL,0.013122
1995-07-07,MN,0.023132
1995-07-07,TX,0.025625
1995-07-08,CA,0.031894
1995-07-08,FL,0.011861
1995-07-08,MN,0.015734
1995-07-08,TX,0.015368
1995-07-09,CA,0.054293
1995-07-09,FL,0.019125
1995-07-09,MN,0.009812
1995-07-09,TX,0.016765
1995-07-10,CA,0.057031
1995-07-10,FL,0.028378
1995-07-10,MN,0.009017
1995-07-10,TX,0.015537
1995-07-11,CA,0.069534
1995-07-11,FL,0.016018
1995-07-11,MN,0.015377
1995-07-11,TX,0.014928
1995-07-12,CA,0.083294
1995-07-12,FL,0.013843
1995-07-12,MN,0.028002
1995-07-12,TX,0.018918
1995-07-13,CA,0.048074
1995-07-13,FL,0.020409
1995-07-13,MN,0.027632
1995-07-13,TX,0.026324
1995-07-14,CA,0.022684
1995-07-14,FL,0.02229
1995-07-14,MN,0.018063
1995-07-14,TX,0.034512
1995-07-15,CA,0.023354
1995-07-15,FL,0.017788
1995-07-15,MN,0.017636
1995-07-15,TX,0.032318
1995-07-16,CA,0.031779
1995-07-16,FL,0.014313
1995-07-16,MN,0.005334
1995-07-16,TX,0.02801
1995-07-17,CA,0.028139
1995-07-17,FL,0.021271
1995-07-17,MN,0.062479
1995-07-17,TX,0.023254
1995-07-18,CA,0.026724
1995-07-18,FL,0.027536
1995-07-18,MN,0.017998
1995-07-18,TX,0.020045
1995-07-19,CA,0.04169
1995-07-19,FL,0.024938
1995-07-19,MN,0.018792
1995-07-19,TX,0.027204
1995-07-20,CA,0.04684
1995-07-20,FL,0.020695
1995-07-20,MN,0.009057
1995-07-20,TX,0.034986
1995-07-21,CA,0.049393
1995-07-21,FL,0.019504
1995-07-21,MN,0.039528
1995-07-21,TX,0.061014
1995-07-22,CA,0.053087
1995-07-22,FL,0.010565
1995-07-22,MN,0.013694
1995-07-22,TX,0.088768
1995-07-23,CA,0.050789
1995-07-23,FL,0.011921
1995-07-23,MN,0.006836
1995-07-23,TX,0.089943
1995-07-24,CA,0.042762
1995-07-24,FL,0.018288
1995-07-24,MN,0.015079
1995-07-24,TX,0.085842
1995-07-25,CA,0.036379
1995-07-25,FL,0.015589
1995-07-25,MN,0.006546
1995-07-25,TX,0.062066
1995-07-26,CA,0.023966
1995-07-26,FL,0.019319
1995-07-26,MN,0.00552
1995-07-26,TX,0.056289
1995-07-27,CA,0.021913
1995-07-27,FL,0.038353
1995-07-27,MN,0.047136
1995-07-27,TX,0.049827
1995-07-28,CA,0.033198
1995-07-28,FL,0.041459
1995-07-28,MN,0.04822
1995-07-28,TX,0.023984
1995-07-29,CA,0.052646
1995-07-29,FL,0.085026
1995-07-29,MN,0.015119
1995-07-29,TX,0.048047
1995-07-30,CA,0.035907
1995-07-30,FL,0.053368
1995-07-30,MN,0.130862
1995-07-30,TX,0.073295
1995-07-31,CA,0.019348
1995-07-31,FL,0.07316
1995-07-31,MN,0.040572
1995-07-31,TX,0.068623
1995-08-01,CA,0.023146
1995-08-01,FL,0.077683
1995-08-01,MN,0.007621
1995-08-01,TX,0.090162
1995-08-02,CA,0.030342
1995-08-02,FL,0.205567
1995-08-02,MN,0.036407
1995-08-02,TX,0.049005
1995-08-03,CA,0.037535
1995-08-03,FL,0.16673
1995-08-03,MN,0.013603
1995-08-03,TX,0.025404
1995-08-04,CA,0.034397
1995-08-04,FL,0.064869
1995-08-04,MN,0.01499
1995-08-04,TX,0.020679
1995-08-05,CA,0.034055
1995-08-05,FL,0.035774
1995-08-05,MN,0.005541
1995-08-05,TX,0.017956
1995-08-06,CA,0.035852
1995-08-06,FL,0.0186
1995-08-06,MN,0.013794
1995-08-06,TX,0.025846
1995-08-07,CA,0.050614
1995-08-07,FL,0.012058
1995-08-07,MN,0.018864
1995-08-07,TX,0.035624
1995-08-08,CA,0.03805
1995-08-08,FL,0.009006
1995-08-08,MN,0.06907
1995-08-08,TX,0.052166
1995-08-09,CA,0.030536
1995-08-09,FL,0.014201
1995-08-09,MN,0.045881
1995-08-09,TX,0.059831
1995-08-10,CA,0.062915
1995-08-10,FL,0.008519
1995-08-10,MN,0.028483
1995-08-10,TX,0.043663
1995-08-11,CA,0.049239
1995-08-11,FL,0.008145
1995-08-11,MN,0.013439
1995-08-11,TX,0.04837
1995-08-12,CA,0.031106
1995-08-12,FL,0.008259
1995-08-12,MN,0.015614
1995-08-12,TX,0.043688
1995-08-13,CA,0.022432
1995-08-13,FL,0.006793
1995-08-13,MN,0.030877
1995-08-13,TX,0.03976
1995-08-14,CA,0.023237
1995-08-14,FL,0.010537
1995-08-14,MN,0.103534
1995-08-14,TX,0.058739
1995-08-15,CA,0.037624
1995-08-15,FL,0.024323
1995-08-15,MN,0.021964
1995-08-15,TX,0.052713
1995-08-16,CA,0.068427
1995-08-16,FL,0.01276
1995-08-16,MN,0.010424
1995-08-16,TX,0.048661
1995-08-17,CA,0.065601
1995-08-17,FL,0.010378
1995-08-17,MN,0.031094
1995-08-17,TX,0.039859
1995-08-18,CA,0.044712
1995-08-18,FL,0.006486
1995-08-18,MN,0.051124
1995-08-18,TX,0.032358
1995-08-19,CA,0.018963
1995-08-19,FL,0.014568
1995-08-19,MN,0.068729
1995-08-19,TX,0.030215
1995-08-20,CA,0.021648
1995-08-20,FL,0.018736
1995-08-20,MN,0.018126
1995-08-20,TX,0.019222
1995-08-21,CA,0.025952
1995-08-21,FL,0.00898
1995-08-21,MN,0.003157
1995-08-21,TX,0.014835
1995-08-22,CA,0.021061
1995-08-22,FL,0.013367
1995-08-22,MN,0.034285
1995-08-22,TX,0.025852
1995-08-23,CA,0.038792
1995-08-23,FL,0.038632
1995-08-23,MN,0.011329
1995-08-23,TX,0.024223
1995-08-24,CA,0.044196
1995-08-24,FL,0.092865
1995-08-24,MN,0.055588
1995-08-24,TX,0.015103
1995-08-25,CA,0.044063
1995-08-25,FL,0.080697
1995-08-25,MN,0.029481
1995-08-25,TX,0.011046
1995-08-26,CA,0.03366
1995-08-26,FL,0.042414
1995-08-26,MN,0.010887
1995-08-26,TX,0.01336
1995-08-27,CA,0.028716
1995-08-27,FL,0.024237
1995-08-27,MN,0.007583
1995-08-27,TX,0.009887
1995-08-28,CA,0.040709
1995-08-28,FL,0.018966
1995-08-28,MN,0.010339
1995-08-28,TX,0.011376
1995-08-29,CA,0.03837
1995-08-29,FL,0.029356
1995-08-29,MN,0.026843
1995-08-29,TX,0.011681
1995-08-30,CA,0.021418
1995-08-30,FL,0.030284
1995-08-30,MN,0.064852
1995-08-30,TX,0.01586
1995-08-31,CA,0.023261
1995-08-31,FL,0.018687
1995-08-31,MN,0.02754
1995-08-31,TX,0.020815
1995-09-01,CA,0.035408
1995-09-01,FL,0.012897
1995-09-01,MN,0.021728
1995-09-01,TX,0.017333
1995-09-02,CA,0.033515
1995-09-02,FL,0.022891
1995-09-02,MN,0.010318
1995-09-02,TX,0.010995
1995-09-03,CA,0.041178
1995-09-03,FL,0.01459
1995-09-03,MN,0.002316
1995-09-03,TX,0.012295
1995-09-04,CA,0.038394
1995-09-04,FL,0.016799
1995-09-04,MN,0.005272
1995-09-04,TX,0.016803
1995-09-05,CA,0.036252
1995-09-05,FL,0.01832
1995-09-05,MN,0.013636
1995-09-05,TX,0.028054
1995-09-06,CA,0.021707
1995-09-06,FL,0.019764
1995-09-06,MN,0.0805
1995-09-06,TX,0.025482
1995-09-07,CA,0.023307
1995-09-07,FL,0.011199
1995-09-07,MN,0.106302
1995-09-07,TX,0.041334
1995-09-08,CA,0.031213
1995-09-08,FL,0.009326
1995-09-08,MN,0.001779
1995-09-08,TX,0.04085
1995-09-09,CA,0.033553
1995-09-09,FL,0.010734
1995-09-09,MN,0.002686
1995-09-09,TX,0.023516
1995-09-10,CA,0.023602
1995-09-10,FL,0.00943
1995-09-10,MN,0.013284
1995-09-10,TX,0.021786
1995-09-11,CA,0.015737
1995-09-11,FL,0.008738
1995-09-11,MN,0.037448
1995-09-11,TX,0.017976
1995-09-12,CA,0.023919
1995-09-12,FL,0.012732
1995-09-12,MN,0.025529
1995-09-12,TX,0.029019
1995-09-13,CA,0.030882
1995-09-13,FL,0.016392
1995-09-13,MN,0.055424
1995-09-13,TX,0.028424
1995-09-14,CA,0.027366
1995-09-14,FL,0.014121
1995-09-14,MN,0.013817
1995-09-14,TX,0.01588
1995-09-15,CA,0.025895
1995-09-15,FL,0.012822
1995-09-15,MN,0.06737
1995-09-15,TX,0.031451
1995-09-16,CA,0.031626
1995-09-16,FL,0.00786
1995-09-16,MN,0.107245
1995-09-16,TX,0.027465
1995-09-17,CA,0.026202
1995-09-17,FL,0.00824
1995-09-17,MN,0.005074
1995-09-17,TX,0.024821
1995-09-18,CA,0.015698
1995-09-18,FL,0.010889
1995-09-18,MN,0.008564
1995-09-18,TX,0.023273
1995-09-19,CA,0.009405
1995-09-19,FL,0.011603
1995-09-19,MN,0.039446
1995-09-19,TX,0.040412
1995-09-20,CA,0.018104
1995-09-20,FL,0.008143
1995-09-20,MN,0.00927
1995-09-20,TX,0.035995
1995-09-21,CA,0.024067
1995-09-21,FL,0.00601
1995-09-21,MN,0.01733
1995-09-21,TX,0.092185
1995-09-22,CA,0.020664
1995-09-22,FL,0.008652
1995-09-22,MN,0.017368
1995-09-22,TX,0.216837
1995-09-23,CA,0.029022
1995-09-23,FL,0.021015
1995-09-23,MN,0.041285
1995-09-23,TX,0.033109
1995-09-24,CA,0.030153
1995-09-24,FL,0.0142
1995-09-24,MN,0.010981
1995-09-24,TX,0.017951
1995-09-25,CA,0.046389
1995-09-25,FL,0.010228
1995-09-25,MN,0.011637
1995-09-25,TX,0.025791
1995-09-26,CA,0.038562
1995-09-26,FL,0.016925
1995-09-26,MN,0.003181
1995-09-26,TX,0.014613
1995-09-27,CA,0.03411
1995-09-27,FL,0.01908
1995-09-27,MN,0.001885
1995-09-27,TX,0.018815
1995-09-28,CA,0.062579
1995-09-28,FL,0.022294
1995-09-28,MN,0.045822
1995-09-28,TX,0.037243
1995-09-29,CA,0.066049
1995-09-29,FL,0.01997
1995-09-29,MN,0.045537
1995-09-29,TX,0.059029
1995-09-30,CA,0.028291
1995-09-30,FL,0.024925
1995-09-30,MN,0.099084
1995-09-30,TX,0.047051
1995-10-01,CA,0.022883
1995-10-01,FL,0.017572
1995-10-01,MN,0.16682
1995-10-01,TX,0.030593
1995-10-02,CA,0.018002
1995-10-02,FL,0.034309
1995-10-02,MN,0.01333
1995-10-02,TX,0.045214
1995-10-03,CA,0.02383
1995-10-03,FL,0.054
1995-10-03,MN,0.020293
1995-10-03,TX,0.081957
1995-10-04,CA,0.094302
1995-10-04,FL,0.173707
1995-10-04,MN,0.017012
1995-10-04,TX,0.041722
1995-10-05,CA,0.042667
1995-10-05,FL,0.094534
1995-10-05,MN,0.084527
1995-10-05,TX,0.092843
1995-10-06,CA,0.012003
1995-10-06,FL,0.006959
1995-10-06,MN,0.063918
1995-10-06,TX,0.052422
1995-10-07,CA,0.015058
1995-10-07,FL,0.01472
1995-10-07,MN,0.011986
1995-10-07,TX,0.02422
1995-10-08,CA,0.017823
1995-10-08,FL,0.022764
1995-10-08,MN,0.003877
1995-10-08,TX,0.033967
1995-10-09,CA,0.015565
1995-10-09,FL,0.020647
1995-10-09,MN,0.006636
1995-10-09,TX,0.017413
1995-10-10,CA,0.010111
1995-10-10,FL,0.026963
1995-10-10,MN,0.011591
1995-10-10,TX,0.008583
1995-10-11,CA,0.022388
1995-10-11,FL,0.019004
1995-10-11,MN,0.023638
1995-10-11,TX,0.013116
1995-10-12,CA,0.048601
1995-10-12,FL,0.018637
1995-10-12,MN,0.097809
1995-10-12,TX,0.021642
1995-10-13,CA,0.036178
1995-10-13,FL,0.021193
1995-10-13,MN,0.08097
1995-10-13,TX,0.036013
1995-10-14,CA,0.018331
1995-10-14,FL,0.045578
1995-10-14,MN,0.255636
1995-10-14,TX,0.110289
1995-10-15,CA,0.03165
1995-10-15,FL,0.057183
1995-10-15,MN,0.045773
1995-10-15,TX,0.013879
1995-10-16,CA,0.038005
1995-10-16,FL,0.036029
1995-10-16,MN,0.033315
1995-10-16,TX,0.01992
1995-10-17,CA,0.016639
1995-10-17,FL,0.07405
1995-10-17,MN,0.177018
1995-10-17,TX,0.039885
1995-10-18,CA,0.01505
1995-10-18,FL,0.037179
1995-10-18,MN,0.035738
1995-10-18,TX,0.018767
1995-10-19,CA,0.012152
1995-10-19,FL,0.026093
1995-10-19,MN,0.11013
1995-10-19,TX,0.063082
1995-10-20,CA,0.009688
1995-10-20,FL,0.010294
1995-10-20,MN,0.249443
1995-10-20,TX,0.136319
1995-10-21,CA,0.042218
1995-10-21,FL,0.033385
1995-10-21,MN,0.10317
1995-10-21,TX,0.055627
1995-10-22,CA,0.115062
1995-10-22,FL,0.032655
1995-10-22,MN,0.01904
1995-10-22,TX,0.189475
1995-10-23,CA,0.025859
1995-10-23,FL,0.044246
1995-10-23,MN,0.117649
1995-10-23,TX,0.14651
1995-10-24,CA,0.00794
1995-10-24,FL,0.025764
1995-10-24,MN,0.139999
1995-10-24,TX,0.059814
1995-10-25,CA,0.014893
1995-10-25,FL,0.016816
1995-10-25,MN,0.027891
1995-10-25,TX,0.030009
1995-10-26,CA,0.015576
1995-10-26,FL,0.006464
1995-10-26,MN,0.021837
1995-10-26,TX,0.085636
1995-10-27,CA,0.010786
1995-10-27,FL,0.028694
1995-10-27,MN,0.060121
1995-10-27,TX,0.073342
1995-10-28,CA,0.006918
1995-10-28,FL,0.01999
1995-10-28,MN,0.075824
1995-10-28,TX,0.044678
1995-10-29,CA,0.00805
1995-10-29,FL,0.035969
1995-10-29,MN,0.028705
1995-10-29,TX,0.074786
1995-10-30,CA,0.013049
1995-10-30,FL,0.049769
1995-10-30,MN,0.004293
1995-10-30,TX,0.063352
1995-10-31,CA,0.022708
1995-10-31,FL,0.035836
1995-10-31,MN,0.010341
1995-10-31,TX,0.0406
1995-11-01,CA,0.017459
1995-11-01,FL,0.021179
1995-11-01,MN,0.029588
1995-11-01,TX,0.064899
1995-11-02,CA,0.010799
1995-11-02,FL,0.013172
1995-11-02,MN,0.173612
1995-11-02,TX,0.077106
1995-11-03,CA,0.009688
1995-11-03,FL,0.013648
1995-11-03,MN,0.258636
1995-11-03,TX,0.158724
1995-11-04,CA,0.007435
1995-11-04,FL,0.039365
1995-11-04,MN,0.031304
1995-11-04,TX,0.07026
1995-11-05,CA,0.01513
1995-11-05,FL,0.023796
1995-11-05,MN,0.072883
1995-11-05,TX,0.039223
1995-11-06,CA,0.021264
1995-11-06,FL,0.005213
1995-11-06,MN,0.04246
1995-11-06,TX,0.061379
1995-11-07,CA,0.010894
1995-11-07,FL,0.064475
1995-11-07,MN,0.153579
1995-11-07,TX,0.097698
1995-11-08,CA,0.007753
1995-11-08,FL,0.04543
1995-11-08,MN,0.026771
1995-11-08,TX,0.032624
1995-11-09,CA,0.034544
1995-11-09,FL,0.045374
1995-11-09,MN,0.107784
1995-11-09,TX,0.112876
1995-11-10,CA,0.044412
1995-11-10,FL,0.034371
1995-11-10,MN,0.165964
1995-11-10,TX,0.205986
1995-11-11,CA,0.007648
1995-11-11,FL,0.067798
1995-11-11,MN,0.084644
1995-11-11,TX,0.19473
1995-11-12,CA,0.008773
1995-11-12,FL,0.053683
1995-11-12,MN,0.00752
1995-11-12,TX,0.063171
1995-11-13,CA,0.008437
1995-11-13,FL,0.013329
1995-11-13,MN,0.004147
1995-11-13,TX,0.037151
1995-11-14,CA,0.005827
1995-11-14,FL,0.067861
1995-11-14,MN,0.002576
1995-11-14,TX,0.033675
1995-11-15,CA,0.013374
1995-11-15,FL,0.020609
1995-11-15,MN,0.021765
1995-11-15,TX,0.028351
1995-11-16,CA,0.008283
1995-11-16,FL,0.012607
1995-11-16,MN,0.025003
1995-11-16,TX,0.026673
1995-11-17,CA,0.010414
1995-11-17,FL,0.017742
1995-11-17,MN,0.009999
1995-11-17,TX,0.029266
1995-11-18,CA,0.014022
1995-11-18,FL,0.01717
1995-11-18,MN,0.012481
1995-11-18,TX,0.030656
1995-11-19,CA,0.007857
1995-11-19,FL,0.016146
1995-11-19,MN,0.038071
1995-11-19,TX,0.024593
1995-11-20,CA,0.005173
1995-11-20,FL,0.007544
1995-11-20,MN,0.230224
1995-11-20,TX,0.006805
1995-11-21,CA,0.019964
1995-11-21,FL,0.018797
1995-11-21,MN,0.15181
1995-11-21,TX,0.021114
1995-11-22,CA,0.005767
1995-11-22,FL,0.027964
1995-11-22,MN,0.098244
1995-11-22,TX,0.084715
1995-11-23,CA,0.00644
1995-11-23,FL,0.009779
1995-11-23,MN,0.083664
1995-11-23,TX,0.040212
1995-11-24,CA,0.0071
1995-11-24,FL,0.010361
1995-11-24,MN,0.085172
1995-11-24,TX,0.038594
1995-11-25,CA,0.011553
1995-11-25,FL,0.034146
1995-11-25,MN,0.035858
1995-11-25,TX,0.032197
1995-11-26,CA,0.060156
1995-11-26,FL,0.012087
1995-11-26,MN,0.021884
1995-11-26,TX,0.106537
1995-11-27,CA,0.079019
1995-11-27,FL,0.027402
1995-11-27,MN,0.131361
1995-11-27,TX,0.137994
1995-11-28,CA,0.022502
1995-11-28,FL,0.015247
1995-11-28,MN,0.018139
1995-11-28,TX,0.129311
1995-11-29,CA,0.004794
1995-11-29,FL,0.029528
1995-11-29,MN,0.011888
1995-11-29,TX,0.014315
1995-11-30,CA,0.010266
1995-11-30,FL,0.018114
1995-11-30,MN,0.053322
1995-11-30,TX,0.028604
1995-12-01,CA,0.016557
1995-12-01,FL,0.004961
1995-12-01,MN,0.094845
1995-12-01,TX,0.041955
1995-12-02,CA,0.013038
1995-12-02,FL,0.005238
1995-12-02,MN,0.046976
1995-12-02,TX,0.08727
1995-12-03,CA,0.009886
1995-12-03,FL,0.002907
1995-12-03,MN,0.075126
1995-12-03,TX,0.03827
1995-12-04,CA,0.030577
1995-12-04,FL,0.003417
1995-12-04,MN,0.132829
1995-12-04,TX,0.02632
1995-12-05,CA,0.018682
1995-12-05,FL,0.00485
1995-12-05,MN,0.412334
1995-12-05,TX,0.057629
1995-12-06,CA,0.012349
1995-12-06,FL,0.005121
1995-12-06,MN,0.15735
1995-12-06,TX,0.02847
1995-12-07,CA,0.037621
1995-12-07,FL,0.018296
1995-12-07,MN,0.013783
1995-12-07,TX,0.044859
1995-12-08,CA,0.015535
1995-12-08,FL,0.017768
1995-12-08,MN,0.256599
1995-12-08,TX,0.06593
1995-12-09,CA,0.005942
1995-12-09,FL,0.025439
1995-12-09,MN,0.471167
1995-12-09,TX,0.207502
1995-12-10,CA,0.022473
1995-12-10,FL,0.093987
1995-12-10,MN,0.055657
1995-12-10,TX,0.041647
1995-12-11,CA,0.067804
1995-12-11,FL,0.061756
1995-12-11,MN,0.013211
1995-12-11,TX,0.063889
1995-12-12,CA,0.226585
1995-12-12,FL,0.052454
1995-12-12,MN,0.014579
1995-12-12,TX,0.076563
1995-12-13,CA,0.048548
1995-12-13,FL,0.032023
1995-12-13,MN,0.140335
1995-12-13,TX,0.126489
1995-12-14,CA,0.044241
1995-12-14,FL,0.010755
1995-12-14,MN,0.039884
1995-12-14,TX,0.067719
1995-12-15,CA,0.044503
1995-12-15,FL,0.007415
1995-12-15,MN,0.019925
1995-12-15,TX,0.049484
1995-12-16,CA,0.067172
1995-12-16,FL,0.004787
1995-12-16,MN,0.014185
1995-12-16,TX,0.019413
1995-12-17,CA,0.032723
1995-12-17,FL,0.02276
1995-12-17,MN,0.011223
1995-12-17,TX,0.058918
1995-12-18,CA,0.00872
1995-12-18,FL,0.068342
1995-12-18,MN,0.015678
1995-12-18,TX,0.142835
1995-12-19,CA,0.004251
1995-12-19,FL,0.083396
1995-12-19,MN,0.019008
1995-12-19,TX,0.158903
1995-12-20,CA,0.007318
1995-12-20,FL,0.112987
1995-12-20,MN,0.012421
1995-12-20,TX,0.032224
1995-12-21,CA,0.007675
1995-12-21,FL,0.017445
1995-12-21,MN,0.010524
1995-12-21,TX,0.024011
1995-12-22,CA,0.01281
1995-12-22,FL,0.007987
1995-12-22,MN,0.011598
1995-12-22,TX,0.058737
1995-12-23,CA,0.035183
1995-12-23,FL,0.044441
1995-12-23,MN,0.01397
1995-12-23,TX,0.023465
1995-12-24,CA,0.034251
1995-12-24,FL,0.052919
1995-12-24,MN,0.058602
1995-12-24,TX,0.017724
1995-12-25,CA,0.041505
1995-12-25,FL,0.028945
1995-12-25,MN,0.021877
1995-12-25,TX,0.019745
1995-12-26,CA,0.021711
1995-12-26,FL,0.034024
1995-12-26,MN,0.067914
1995-12-26,TX,0.007816
1995-12-27,CA,0.007375
1995-12-27,FL,0.006468
1995-12-27,MN,0.029955
1995-12-27,TX,0.007588
1995-12-28,CA,0.020984
1995-12-28,FL,0.006954
1995-12-28,MN,0.030293
1995-12-28,TX,0.022498
1995-12-29,CA,0.026068
1995-12-29,FL,0.023294
1995-12-29,MN,0.033435
1995-12-29,TX,0.045255
1995-12-30,CA,0.03889
1995-12-30,FL,0.029734
1995-12-30,MN,0.002965
1995-12-30,TX,0.032177
1995-12-31,CA,0.045505
1995-12-31,FL,0.038119
1995-12-31,MN,0.004858
1995-12-31,TX,0.041862
1996-01-01,CA,0.066829
1996-01-01,FL,0.046489
1996-01-01,MN,0.015525
1996-01-01,TX,0.129298
1996-01-02,CA,0.042647
1996-01-02,FL,0.075268
1996-01-02,MN,0.030909
1996-01-02,TX,0.22342
1996-01-03,CA,0.016604
1996-01-03,FL,0.057529
1996-01-03,MN,0.006809
1996-01-03,TX,0.064858
1996-01-04,CA,0.026775
1996-01-04,FL,0.025262
1996-01-04,MN,0.017256
1996-01-04,TX,0.085403
1996-01-05,CA,0.016849
1996-01-05,FL,0.008675
1996-01-05,MN,0.008049
1996-01-05,TX,0.058587
1996-01-06,CA,0.009532
1996-01-06,FL,0.017298
1996-01-06,MN,0.003653
1996-01-06,TX,0.165907
1996-01-07,CA,0.014847
1996-01-07,FL,0.151612
1996-01-07,MN,0.02169
1996-01-07,TX,0.087653
1996-01-08,CA,0.004073
1996-01-08,FL,0.234632
1996-01-08,MN,0.050996
1996-01-08,TX,0.035637
1996-01-09,CA,0.005929
1996-01-09,FL,0.025789
1996-01-09,MN,0.079331
1996-01-09,TX,0.032527
1996-01-10,CA,0.036706
1996-01-10,FL,0.020953
1996-01-10,MN,0.03364
1996-01-10,TX,0.038207
1996-01-11,CA,0.038639
1996-01-11,FL,0.005618
1996-01-11,MN,0.032992
1996-01-11,TX,0.130961
1996-01-12,CA,0.020364
1996-01-12,FL,0.06642
1996-01-12,MN,0.02857
1996-01-12,TX,0.018428
1996-01-13,CA,0.007721
1996-01-13,FL,0.060139
1996-01-13,MN,0.012466
1996-01-13,TX,0.027051
1996-01-14,CA,0.006672
1996-01-14,FL,0.005131
1996-01-14,MN,0.118497
1996-01-14,TX,0.075275
1996-01-15,CA,0.026944
1996-01-15,FL,0.004963
1996-01-15,MN,0.044004
1996-01-15,TX,0.023559
1996-01-16,CA,0.115409
1996-01-16,FL,0.021663
1996-01-16,MN,0.05836
1996-01-16,TX,0.078091
1996-01-17,CA,0.146089
1996-01-17,FL,0.03151
1996-01-17,MN,0.079339
1996-01-17,TX,0.304139
1996-01-18,CA,0.05825
1996-01-18,FL,0.047632
1996-01-18,MN,0.521855
1996-01-18,TX,0.440312
1996-01-19,CA,0.082533
1996-01-19,FL,0.071197
1996-01-19,MN,0.190347
1996-01-19,TX,0.102328
1996-01-20,CA,0.05489
1996-01-20,FL,0.021578
1996-01-20,MN,0.004629
1996-01-20,TX,0.077049
1996-01-21,CA,0.047558
1996-01-21,FL,0.019507
1996-01-21,MN,0.027376
1996-01-21,TX,0.030255
1996-01-22,CA,0.087511
1996-01-22,FL,0.04269
1996-01-22,MN,0.067203
1996-01-22,TX,0.099044
1996-01-23,CA,0.051358
1996-01-23,FL,0.020024
1996-01-23,MN,0.009241
1996-01-23,TX,0.156544
1996-01-24,CA,0.073614
1996-01-24,FL,0.053765
1996-01-24,MN,0.015449
1996-01-24,TX,0.047827
1996-01-25,CA,0.106941
1996-01-25,FL,0.05852
1996-01-25,MN,0.01916
1996-01-25,TX,0.13132
1996-01-26,CA,0.028563
1996-01-26,FL,0.067658
1996-01-26,MN,0.05373
1996-01-26,TX,0.154953
1996-01-27,CA,0.07943
1996-01-27,FL,0.063085
1996-01-27,MN,0.122927
1996-01-27,TX,0.080912
1996-01-28,CA,0.035484
1996-01-28,FL,0.073035
1996-01-28,MN,0.071968
1996-01-28,TX,0.122778
1996-01-29,CA,0.010362
1996-01-29,FL,0.016528
1996-01-29,MN,0.284679
1996-01-29,TX,0.049229
1996-01-30,CA,0.016656
1996-01-30,FL,0.005309
1996-01-30,MN,0.040132
1996-01-30,TX,0.069494
1996-01-31,CA,0.052137
1996-01-31,FL,0.01716
1996-01-31,MN,0.023505
1996-01-31,TX,0.112662
1996-02-01,CA,0.022278
1996-02-01,FL,0.004646
1996-02-01,MN,0.024748
1996-02-01,TX,0.055131
1996-02-02,CA,0.023178
1996-02-02,FL,0.076773
1996-02-02,MN,0.02973
1996-02-02,TX,0.119412
1996-02-03,CA,0.018229
1996-02-03,FL,0.086633
1996-02-03,MN,0.008882
1996-02-03,TX,0.070048
1996-02-04,CA,0.07347
1996-02-04,FL,0.147381
1996-02-04,MN,0.035809
1996-02-04,TX,0.035905
1996-02-05,CA,0.047305
1996-02-05,FL,0.096778
1996-02-05,MN,0.024398
1996-02-05,TX,0.087795
1996-02-06,CA,0.02081
1996-02-06,FL,0.047143
1996-02-06,MN,0.11832
1996-02-06,TX,0.029756
1996-02-07,CA,0.021878
1996-02-07,FL,0.040883
1996-02-07,MN,0.055272
1996-02-07,TX,0.095876
1996-02-08,CA,0.01276
1996-02-08,FL,0.012224
1996-02-08,MN,0.038748
1996-02-08,TX,0.101197
1996-02-09,CA,0.013496
1996-02-09,FL,0.018787
1996-02-09,MN,0.018797
1996-02-09,TX,0.031306
1996-02-10,CA,0.010642
1996-02-10,FL,0.007171
1996-02-10,MN,0.302428
1996-02-10,TX,0.067599
1996-02-11,CA,0.011396
1996-02-11,FL,0.030842
1996-02-11,MN,0.360431
1996-02-11,TX,0.193127
1996-02-12,CA,0.025368
1996-02-12,FL,0.076629
1996-02-12,MN,0.037822
1996-02-12,TX,0.037196
1996-02-13,CA,0.016897
1996-02-13,FL,0.03376
1996-02-13,MN,0.1015
1996-02-13,TX,0.035464
1996-02-14,CA,0.004586
1996-02-14,FL,0.04188
1996-02-14,MN,0.073411
1996-02-14,TX,0.063788
1996-02-15,CA,0.006275
1996-02-15,FL,0.036144
1996-02-15,MN,0.169778
1996-02-15,TX,0.108768
1996-02-16,CA,0.021693
1996-02-16,FL,0.15174
1996-02-16,MN,0.054885
1996-02-16,TX,0.10508
1996-02-17,CA,0.039113
1996-02-17,FL,0.094263
1996-02-17,MN,0.115048
1996-02-17,TX,0.044121
1996-02-18,CA,0.049083
1996-02-18,FL,0.014421
1996-02-18,MN,0.02094
1996-02-18,TX,0.099546
1996-02-19,CA,0.090965
1996-02-19,FL,0.031217
1996-02-19,MN,0.05837
1996-02-19,TX,0.119774
1996-02-20,CA,0.098293
1996-02-20,FL,0.04015
1996-02-20,MN,0.058153
1996-02-20,TX,0.059446
1996-02-21,CA,0.091386
1996-02-21,FL,0.004736
1996-02-21,MN,0.023531
1996-02-21,TX,0.060091
1996-02-22,CA,0.064025
1996-02-22,FL,0.007382
1996-02-22,MN,0.068268
1996-02-22,TX,0.077188
1996-02-23,CA,0.043648
1996-02-23,FL,0.012362
1996-02-23,MN,0.115527
1996-02-23,TX,0.119229
1996-02-24,CA,0.050587
1996-02-24,FL,0.013744
1996-02-24,MN,0.049285
1996-02-24,TX,0.064577
1996-02-25,CA,0.039906
1996-02-25,FL,0.006788
1996-02-25,MN,0.062121
1996-02-25,TX,0.097017
1996-02-26,CA,0.061104
1996-02-26,FL,0.008489
1996-02-26,MN,0.100236
1996-02-26,TX,0.154853
1996-02-27,CA,0.049036
1996-02-27,FL,0.012657
1996-02-27,MN,0.140109
1996-02-27,TX,0.085366
1996-02-28,CA,0.061032
1996-02-28,FL,0.021918
1996-02-28,MN,0.23659
1996-02-28,TX,0.193687
1996-02-29,CA,0.045655
1996-02-29,FL,0.02923
1996-02-29,MN,0.059651
1996-02-29,TX,0.114873
1996-03-01,CA,0.020552
1996-03-01,FL,0.030381
1996-03-01,MN,0.038431
1996-03-01,TX,0.025142
1996-03-02,CA,0.013504
1996-03-02,FL,0.026677
1996-03-02,MN,0.265573
1996-03-02,TX,0.024375
1996-03-03,CA,0.006818
1996-03-03,FL,0.053226
1996-03-03,MN,0.039869
1996-03-03,TX,0.061354
1996-03-04,CA,0.082096
1996-03-04,FL,0.125834
1996-03-04,MN,0.02283
1996-03-04,TX,0.14187
1996-03-05,CA,0.116533
1996-03-05,FL,0.104664
1996-03-05,MN,0.034547
1996-03-05,TX,0.166167
1996-03-06,CA,0.044016
1996-03-06,FL,0.073653
1996-03-06,MN,0.086666
1996-03-06,TX,0.164268
1996-03-07,CA,0.013553
1996-03-07,FL,0.094486
1996-03-07,MN,0.067856
1996-03-07,TX,0.393928
1996-03-08,CA,0.016905
1996-03-08,FL,0.13446
1996-03-08,MN,0.102212
1996-03-08,TX,0.104382
1996-03-09,CA,0.010581
1996-03-09,FL,0.101758
1996-03-09,MN,0.02051
1996-03-09,TX,0.027881
1996-03-10,CA,0.024112
1996-03-10,FL,0.08734
1996-03-10,MN,0.075598
1996-03-10,TX,0.031325
1996-03-11,CA,0.051461
1996-03-11,FL,0.179592
1996-03-11,MN,0.111085
1996-03-11,TX,0.087732
1996-03-12,CA,0.091854
1996-03-12,FL,0.094288
1996-03-12,MN,0.037983
1996-03-12,TX,0.146885
1996-03-13,CA,0.07257
1996-03-13,FL,0.011521
1996-03-13,MN,0.010985
1996-03-13,TX,0.14735
1996-03-14,CA,0.020273
1996-03-14,FL,0.007518
1996-03-14,MN,0.065495
1996-03-14,TX,0.163546
1996-03-15,CA,0.02067
1996-03-15,FL,0.021484
1996-03-15,MN,0.045635
1996-03-15,TX,0.04774
1996-03-16,CA,0.039878
1996-03-16,FL,0.024146
1996-03-16,MN,0.0392
1996-03-16,TX,0.031064
1996-03-17,CA,0.020138
1996-03-17,FL,0.046808
1996-03-17,MN,0.036241
1996-03-17,TX,0.03594
1996-03-18,CA,0.01355
1996-03-18,FL,0.113265
1996-03-18,MN,0.052039
1996-03-18,TX,0.264422
1996-03-19,CA,0.016083
1996-03-19,FL,0.240106
1996-03-19,MN,0.153913
1996-03-19,TX,0.118228
1996-03-20,CA,0.013442
1996-03-20,FL,0.149566
1996-03-20,MN,0.120562
1996-03-20,TX,0.090769
1996-03-21,CA,0.022121
1996-03-21,FL,0.130968
1996-03-21,MN,0.018874
1996-03-21,TX,0.032804
1996-03-22,CA,0.100086
1996-03-22,FL,0.026679
1996-03-22,MN,0.006696
1996-03-22,TX,0.09678
1996-03-23,CA,0.125847
1996-03-23,FL,0.013445
1996-03-23,MN,0.029892
1996-03-23,TX,0.239246
1996-03-24,CA,0.045803
1996-03-24,FL,0.053392
1996-03-24,MN,0.135998
1996-03-24,TX,0.266303
1996-03-25,CA,0.077036
1996-03-25,FL,0.080031
1996-03-25,MN,0.452249
1996-03-25,TX,0.198901
1996-03-26,CA,0.067039
1996-03-26,FL,0.038181
1996-03-26,MN,0.072951
1996-03-26,TX,0.158735
1996-03-27,CA,0.042331
1996-03-27,FL,0.067402
1996-03-27,MN,0.065153
1996-03-27,TX,0.054021
1996-03-28,CA,0.084443
1996-03-28,FL,0.062339
1996-03-28,MN,0.003898
1996-03-28,TX,0.019177
1996-03-29,CA,0.063519
1996-03-29,FL,0.015157
1996-03-29,MN,0.037809
1996-03-29,TX,0.079178
1996-03-30,CA,0.017593
1996-03-30,FL,0.034969
1996-03-30,MN,0.100587
1996-03-30,TX,0.146769
1996-03-31,CA,0.023364
1996-03-31,FL,0.033925
1996-03-31,MN,0.053577
1996-03-31,TX,0.114629
1996-04-01,CA,0.074331
1996-04-01,FL,0.081003
1996-04-01,MN,0.028264
1996-04-01,TX,0.056133
1996-04-02,CA,0.055512
1996-04-02,FL,0.090714
1996-04-02,MN,0.081009
1996-04-02,TX,0.106197
1996-04-03,CA,0.049064
1996-04-03,FL,0.030206
1996-04-03,MN,0.1129
1996-04-03,TX,0.146393
1996-04-04,CA,0.062782
1996-04-04,FL,0.017837
1996-04-04,MN,0.09347
1996-04-04,TX,0.108655
1996-04-05,CA,0.070796
1996-04-05,FL,0.008643
1996-04-05,MN,0.014157
1996-04-05,TX,0.164444
1996-04-06,CA,0.024272
1996-04-06,FL,0.017387
1996-04-06,MN,0.00708
1996-04-06,TX,0.11905
1996-04-07,CA,0.01804
1996-04-07,FL,0.022044
1996-04-07,MN,0.004483
1996-04-07,TX,0.023008
1996-04-08,CA,0.039069
1996-04-08,FL,0.011673
1996-04-08,MN,0.005948
1996-04-08,TX,0.016233
1996-04-09,CA,0.046988
1996-04-09,FL,0.02348
1996-04-09,MN,0.005518
1996-04-09,TX,0.020463
1996-04-10,CA,0.117035
1996-04-10,FL,0.043524
1996-04-10,MN,0.064506
1996-04-10,TX,0.064276
1996-04-11,CA,0.101806
1996-04-11,FL,0.013865
1996-04-11,MN,0.083584
1996-04-11,TX,0.237806
1996-04-12,CA,0.113165
1996-04-12,FL,0.031627
1996-04-12,MN,0.149819
1996-04-12,TX,0.161722
1996-04-13,CA,0.055172
1996-04-13,FL,0.04661
1996-04-13,MN,0.030138
1996-04-13,TX,0.099163
1996-04-14,CA,0.020129
1996-04-14,FL,0.014755
1996-04-14,MN,0.007642
1996-04-14,TX,0.165104
1996-04-15,CA,0.037425
1996-04-15,FL,0.054744
1996-04-15,MN,0.086127
1996-04-15,TX,0.147876
1996-04-16,CA,0.08245
1996-04-16,FL,0.067811
1996-04-16,MN,0.069883
1996-04-16,TX,0.072489
1996-04-17,CA,0.074295
1996-04-17,FL,0.019687
1996-04-17,MN,0.118596
1996-04-17,TX,0.134749
1996-04-18,CA,0.10205
1996-04-18,FL,0.022866
1996-04-18,MN,0.052871
1996-04-18,TX,0.126168
1996-04-19,CA,0.067654
1996-04-19,FL,0.029662
1996-04-19,MN,0.029714
1996-04-19,TX,0.163146
1996-04-20,CA,0.055701
1996-04-20,FL,0.035407
1996-04-20,MN,0.096504
1996-04-20,TX,0.097027
1996-04-21,CA,0.056311
1996-04-21,FL,0.033289
1996-04-21,MN,0.047953
1996-04-21,TX,0.172866
1996-04-22,CA,0.032
1996-04-22,FL,0.061873
1996-04-22,MN,0.066281
1996-04-22,TX,0.178274
1996-04-23,CA,0.03781
1996-04-23,FL,0.036738
1996-04-23,MN,0.046629
1996-04-23,TX,0.065345
1996-04-24,CA,0.085696
1996-04-24,FL,0.024867
1996-04-24,MN,0.060443
1996-04-24,TX,0.089221
1996-04-25,CA,0.065626
1996-04-25,FL,0.023352
1996-04-25,MN,0.26961
1996-04-25,TX,0.208596
1996-04-26,CA,0.048175
1996-04-26,FL,0.045053
1996-04-26,MN,0.215389
1996-04-26,TX,0.075845
1996-04-27,CA,0.093872
1996-04-27,FL,0.017217
1996-04-27,MN,0.004381
1996-04-27,TX,0.100807
1996-04-28,CA,0.112551
1996-04-28,FL,0.047094
1996-04-28,MN,0.017739
1996-04-28,TX,0.269629
1996-04-29,CA,0.038769
1996-04-29,FL,0.096791
1996-04-29,MN,0.028344
1996-04-29,TX,0.253612
1996-04-30,CA,0.021038
1996-04-30,FL,0.084274
1996-04-30,MN,0.064591
1996-04-30,TX,0.071602
1996-05-01,CA,0.040557
1996-05-01,FL,0.019438
1996-05-01,MN,0.096468
1996-05-01,TX,0.108275
1996-05-02,CA,0.056297
1996-05-02,FL,0.020834
1996-05-02,MN,0.018924
1996-05-02,TX,0.08597
1996-05-03,CA,0.08097
1996-05-03,FL,0.018921
1996-05-03,MN,0.009374
1996-05-03,TX,0.137526
1996-05-04,CA,0.056633
1996-05-04,FL,0.021403
1996-05-04,MN,0.009134
1996-05-04,TX,0.141961
1996-05-05,CA,0.049908
1996-05-05,FL,0.018663
1996-05-05,MN,0.024467
1996-05-05,TX,0.125412
1996-05-06,CA,0.062457
1996-05-06,FL,0.023078
1996-05-06,MN,0.022853
1996-05-06,TX,0.102706
1996-05-07,CA,0.078714
1996-05-07,FL,0.030878
1996-05-07,MN,0.005163
1996-05-07,TX,0.132999
1996-05-08,CA,0.073807
1996-05-08,FL,0.042942
1996-05-08,MN,0.01704
1996-05-08,TX,0.152794
1996-05-09,CA,0.064466
1996-05-09,FL,0.0433
1996-05-09,MN,0.037568
1996-05-09,TX,0.150208
1996-05-10,CA,0.031366
1996-05-10,FL,0.039861
1996-05-10,MN,0.07859
1996-05-10,TX,0.127163
1996-05-11,CA,0.019542
1996-05-11,FL,0.023891
1996-05-11,MN,0.028821
1996-05-11,TX,0.072013
1996-05-12,CA,0.026764
1996-05-12,FL,0.015757
1996-05-12,MN,0.00869
1996-05-12,TX,0.036124
1996-05-13,CA,0.053314
1996-05-13,FL,0.017899
1996-05-13,MN,0.009937
1996-05-13,TX,0.070884
1996-05-14,CA,0.082605
1996-05-14,FL,0.037004
1996-05-14,MN,0.104539
1996-05-14,TX,0.153165
1996-05-15,CA,0.069164
1996-05-15,FL,0.047834
1996-05-15,MN,0.04856
1996-05-15,TX,0.189991
1996-05-16,CA,0.08368
1996-05-16,FL,0.022367
1996-05-16,MN,0.036353
1996-05-16,TX,0.160169
1996-05-17,CA,0.094338
1996-05-17,FL,0.018495
1996-05-17,MN,0.112784
1996-05-17,TX,0.205373
1996-05-18,CA,0.083624
1996-05-18,FL,0.012198
1996-05-18,MN,0.095521
1996-05-18,TX,0.20318
1996-05-19,CA,0.087548
1996-05-19,FL,0.014918
1996-05-19,MN,0.104288
1996-05-19,TX,0.20482
1996-05-20,CA,0.06897
1996-05-20,FL,0.01161
1996-05-20,MN,0.043097
1996-05-20,TX,0.188178
1996-05-21,CA,0.096583
1996-05-21,FL,0.023911
1996-05-21,MN,0.056695
1996-05-21,TX,0.068887
1996-05-22,CA,0.123101
1996-05-22,FL,0.021274
1996-05-22,MN,0.024861
1996-05-22,TX,0.091068
1996-05-23,CA,0.125199
1996-05-23,FL,0.016798
1996-05-23,MN,0.05142
1996-05-23,TX,0.17694
1996-05-24,CA,0.140702
1996-05-24,FL,0.017544
1996-05-24,MN,0.081079
1996-05-24,TX,0.170755
1996-05-25,CA,0.065326
1996-05-25,FL,0.011156
1996-05-25,MN,0.028536
1996-05-25,TX,0.179167
1996-05-26,CA,0.059472
1996-05-26,FL,0.015149
1996-05-26,MN,0.03615
1996-05-26,TX,0.206879
1996-05-27,CA,0.097689
1996-05-27,FL,0.019108
1996-05-27,MN,0.114083
1996-05-27,TX,0.12287
1996-05-28,CA,0.052624
1996-05-28,FL,0.038448
1996-05-28,MN,0.071736
1996-05-28,TX,0.058197
1996-05-29,CA,0.074097
1996-05-29,FL,0.027935
1996-05-29,MN,0.013185
1996-05-29,TX,0.048135
1996-05-30,CA,0.068585
1996-05-30,FL,0.034213
1996-05-30,MN,0.042097
1996-05-30,TX,0.092069
1996-05-31,CA,0.050659
1996-05-31,FL,0.045908
1996-05-31,MN,0.08314
1996-05-31,TX,0.098087
1996-06-01,CA,0.028598
1996-06-01,FL,0.086792
1996-06-01,MN,0.02836
1996-06-01,TX,0.101823
1996-06-02,CA,0.019199
1996-06-02,FL,0.04936
1996-06-02,MN,0.075859
1996-06-02,TX,0.038072
1996-06-03,CA,0.023979
1996-06-03,FL,0.019412
1996-06-03,MN,0.125943
1996-06-03,TX,0.03243
1996-06-04,CA,0.04025
1996-06-04,FL,0.015028
1996-06-04,MN,0.01324
1996-06-04,TX,0.044428
1996-06-05,CA,0.028175
1996-06-05,FL,0.012901
1996-06-05,MN,0.03559
1996-06-05,TX,0.087735
1996-06-06,CA,0.027387
1996-06-06,FL,0.011414
1996-06-06,MN,0.026147
1996-06-06,TX,0.135439
1996-06-07,CA,0.033553
1996-06-07,FL,0.014981
1996-06-07,MN,0.039762
1996-06-07,TX,0.104473
1996-06-08,CA,0.030749
1996-06-08,FL,0.039294
1996-06-08,MN,0.008062
1996-06-08,TX,0.047706
1996-06-09,CA,0.038782
1996-06-09,FL,0.049812
1996-06-09,MN,0.009535
1996-06-09,TX,0.022435
1996-06-10,CA,0.064063
1996-06-10,FL,0.021931
1996-06-10,MN,0.006956
1996-06-10,TX,0.061778
1996-06-11,CA,0.064022
1996-06-11,FL,0.013767
1996-06-11,MN,0.001901
1996-06-11,TX,0.056495
1996-06-12,CA,0.048398
1996-06-12,FL,0.011486
1996-06-12,MN,0.017363
1996-06-12,TX,0.061628
1996-06-13,CA,0.058497
1996-06-13,FL,0.013849
1996-06-13,MN,0.022359
1996-06-13,TX,0.040544
1996-06-14,CA,0.039861
1996-06-14,FL,0.019471
1996-06-14,MN,0.006337
1996-06-14,TX,0.034722
1996-06-15,CA,0.053321
1996-06-15,FL,0.017581
1996-06-15,MN,0.020753
1996-06-15,TX,0.037328
1996-06-16,CA,0.065369
1996-06-16,FL,0.027584
1996-06-16,MN,0.008513
1996-06-16,TX,0.033396
1996-06-17,CA,0.062218
1996-06-17,FL,0.023965
1996-06-17,MN,0.053296
1996-06-17,TX,0.030061
1996-06-18,CA,0.05283
1996-06-18,FL,0.011103
1996-06-18,MN,0.036783
1996-06-18,TX,0.030678
1996-06-19,CA,0.041477
1996-06-19,FL,0.014939
1996-06-19,MN,0.016599
1996-06-19,TX,0.051875
1996-06-20,CA,0.072677
1996-06-20,FL,0.017203
1996-06-20,MN,0.020191
1996-06-20,TX,0.04419
1996-06-21,CA,0.084183
1996-06-21,FL,0.018682
1996-06-21,MN,0.056877
1996-06-21,TX,0.051281
1996-06-22,CA,0.057323
1996-06-22,FL,0.017806
1996-06-22,MN,0.02357
1996-06-22,TX,0.066098
1996-06-23,CA,0.043707
1996-06-23,FL,0.015588
1996-06-23,MN,0.020552
1996-06-23,TX,0.07336
1996-06-24,CA,0.087904
1996-06-24,FL,0.013442
1996-06-24,MN,0.013096
1996-06-24,TX,0.062661
1996-06-25,CA,0.065885
1996-06-25,FL,0.011005
1996-06-25,MN,0.036622
1996-06-25,TX,0.05872
1996-06-26,CA,0.07761
1996-06-26,FL,0.024808
1996-06-26,MN,0.07617
1996-06-26,TX,0.071368
1996-06-27,CA,0.047744
1996-06-27,FL,0.019804
1996-06-27,MN,0.074343
1996-06-27,TX,0.066826
1996-06-28,CA,0.041798
1996-06-28,FL,0.018549
1996-06-28,MN,0.096879
1996-06-28,TX,0.041549
1996-06-29,CA,0.031189
1996-06-29,FL,0.024848
1996-06-29,MN,0.074827
1996-06-29,TX,0.034517
1996-06-30,CA,0.024624
1996-06-30,FL,0.044744
1996-06-30,MN,0.052087
1996-06-30,TX,0.026787
1996-07-01,CA,0.020403
1996-07-01,FL,0.006838
1996-07-01,MN,0.011352
1996-07-01,TX,0.013991
1996-07-02,CA,0.036704
1996-07-02,FL,0.013512
1996-07-02,MN,0.02712
1996-07-02,TX,0.019545
1996-07-03,CA,0.048437
1996-07-03,FL,0.042975
1996-07-03,MN,0.004775
1996-07-03,TX,0.020769
1996-07-04,CA,0.056779
1996-07-04,FL,0.042416
1996-07-04,MN,0.01338
1996-07-04,TX,0.018473
1996-07-05,CA,0.041765
1996-07-05,FL,0.042583
1996-07-05,MN,0.032403
1996-07-05,TX,0.037717
1996-07-06,CA,0.025248
1996-07-06,FL,0.037662
1996-07-06,MN,0.034739
1996-07-06,TX,0.042225
1996-07-07,CA,0.041153
1996-07-07,FL,0.018865
1996-07-07,MN,0.019712
1996-07-07,TX,0.031779
1996-07-08,CA,0.045468
1996-07-08,FL,0.026787
1996-07-08,MN,0.099635
1996-07-08,TX,0.040829
1996-07-09,CA,0.039739
1996-07-09,FL,0.026897
1996-07-09,MN,0.039181
1996-07-09,TX,0.076349
1996-07-10,CA,0.030687
1996-07-10,FL,0.018462
1996-07-10,MN,0.012467
1996-07-10,TX,0.062928
1996-07-11,CA,0.034182
1996-07-11,FL,0.045228
1996-07-11,MN,0.043993
1996-07-11,TX,0.038389
1996-07-12,CA,0.03786
1996-07-12,FL,0.022257
1996-07-12,MN,0.031314
1996-07-12,TX,0.034344
1996-07-13,CA,0.037061
1996-07-13,FL,0.014181
1996-07-13,MN,0.007863
1996-07-13,TX,0.034987
1996-07-14,CA,0.03798
1996-07-14,FL,0.0253
1996-07-14,MN,0.002639
1996-07-14,TX,0.054351
1996-07-15,CA,0.054703
1996-07-15,FL,0.028173
1996-07-15,MN,0.010672
1996-07-15,TX,0.036689
1996-07-16,CA,0.059523
1996-07-16,FL,0.034453
1996-07-16,MN,0.018695
1996-07-16,TX,0.067438
1996-07-17,CA,0.063704
1996-07-17,FL,0.040993
1996-07-17,MN,0.029664
1996-07-17,TX,0.093573
1996-07-18,CA,0.050428
1996-07-18,FL,0.028444
1996-07-18,MN,0.051929
1996-07-18,TX,0.077161
1996-07-19,CA,0.032076
1996-07-19,FL,0.014356
1996-07-19,MN,0.022997
1996-07-19,TX,0.071857
1996-07-20,CA,0.023888
1996-07-20,FL,0.012477
1996-07-20,MN,0.044914
1996-07-20,TX,0.063247
1996-07-21,CA,0.023177
1996-07-21,FL,0.01551
1996-07-21,MN,0.01175
1996-07-21,TX,0.070757
1996-07-22,CA,0.030872
1996-07-22,FL,0.019478
1996-07-22,MN,0.043533
1996-07-22,TX,0.064028
1996-07-23,CA,0.04577
1996-07-23,FL,0.020333
1996-07-23,MN,0.037108
1996-07-23,TX,0.078243
1996-07-24,CA,0.043895
1996-07-24,FL,0.031994
1996-07-24,MN,0.056685
1996-07-24,TX,0.078577
1996-07-25,CA,0.030055
1996-07-25,FL,0.022551
1996-07-25,MN,0.018194
1996-07-25,TX,0.044032
1996-07-26,CA,0.036396
1996-07-26,FL,0.011575
1996-07-26,MN,0.001547
1996-07-26,TX,0.036405
1996-07-27,CA,0.028327
1996-07-27,FL,0.022595
1996-07-27,MN,0.013605
1996-07-27,TX,0.049991
1996-07-28,CA,0.024375
1996-07-28,FL,0.032217
1996-07-28,MN,0.00719
1996-07-28,TX,0.030208
1996-07-29,CA,0.026257
1996-07-29,FL,0.027986
1996-07-29,MN,0.006122
1996-07-29,TX,0.040492
1996-07-30,CA,0.029736
1996-07-30,FL,0.023035
1996-07-30,MN,0.013685
1996-07-30,TX,0.053362
1996-07-31,CA,0.030386
1996-07-31,FL,0.015291
1996-07-31,MN,0.009734
1996-07-31,TX,0.050543
1996-08-01,CA,0.048509
1996-08-01,FL,0.015938
1996-08-01,MN,0.001375
1996-08-01,TX,0.040986
1996-08-02,CA,0.046154
1996-08-02,FL,0.014457
1996-08-02,MN,0.017152
1996-08-02,TX,0.052586
1996-08-03,CA,0.064854
1996-08-03,FL,0.011417
1996-08-03,MN,0.077319
1996-08-03,TX,0.093727
1996-08-04,CA,0.044095
1996-08-04,FL,0.012651
1996-08-04,MN,0.082842
1996-08-04,TX,0.138488
1996-08-05,CA,0.063593
1996-08-05,FL,0.026091
1996-08-05,MN,0.02546
1996-08-05,TX,0.122946
1996-08-06,CA,0.049427
1996-08-06,FL,0.023708
1996-08-06,MN,0.039307
1996-08-06,TX,0.089804
1996-08-07,CA,0.027554
1996-08-07,FL,0.017377
1996-08-07,MN,0.051769
1996-08-07,TX,0.056046
1996-08-08,CA,0.021615
1996-08-08,FL,0.012305
1996-08-08,MN,0.027893
1996-08-08,TX,0.047952
1996-08-09,CA,0.016962
1996-08-09,FL,0.012639
1996-08-09,MN,0.001567
1996-08-09,TX,0.030003
1996-08-10,CA,0.020136
1996-08-10,FL,0.012294
1996-08-10,MN,0.009562
1996-08-10,TX,0.026759
1996-08-11,CA,0.023643
1996-08-11,FL,0.018537
1996-08-11,MN,0.022484
1996-08-11,TX,0.040026
1996-08-12,CA,0.021905
1996-08-12,FL,0.031046
1996-08-12,MN,0.011098
1996-08-12,TX,0.036619
1996-08-13,CA,0.021935
1996-08-13,FL,0.01656
1996-08-13,MN,0.031508
1996-08-13,TX,0.027808
1996-08-14,CA,0.02489
1996-08-14,FL,0.008801
1996-08-14,MN,0.042166
1996-08-14,TX,0.029254
1996-08-15,CA,0.034729
1996-08-15,FL,0.010684
1996-08-15,MN,0.005199
1996-08-15,TX,0.026719
1996-08-16,CA,0.032657
1996-08-16,FL,0.010145
1996-08-16,MN,0.006545
1996-08-16,TX,0.034329
1996-08-17,CA,0.046679
1996-08-17,FL,0.011555
1996-08-17,MN,0.013158
1996-08-17,TX,0.039426
1996-08-18,CA,0.041835
1996-08-18,FL,0.018986
1996-08-18,MN,0.038269
1996-08-18,TX,0.063182
1996-08-19,CA,0.047388
1996-08-19,FL,0.038827
1996-08-19,MN,0.032152
1996-08-19,TX,0.069057
1996-08-20,CA,0.036271
1996-08-20,FL,0.056976
1996-08-20,MN,0.00729
1996-08-20,TX,0.039929
1996-08-21,CA,0.022435
1996-08-21,FL,0.065689
1996-08-21,MN,0.054458
1996-08-21,TX,0.037594
1996-08-22,CA,0.017871
1996-08-22,FL,0.031184
1996-08-22,MN,0.035372
1996-08-22,TX,0.04152
1996-08-23,CA,0.022286
1996-08-23,FL,0.0194
1996-08-23,MN,0.012973
1996-08-23,TX,0.042261
1996-08-24,CA,0.025875
1996-08-24,FL,0.009547
1996-08-24,MN,0.04259
1996-08-24,TX,0.024552
1996-08-25,CA,0.0408
1996-08-25,FL,0.010928
1996-08-25,MN,0.013637
1996-08-25,TX,0.018249
1996-08-26,CA,0.057542
1996-08-26,FL,0.00992
1996-08-26,MN,0.014471
1996-08-26,TX,0.024418
1996-08-27,CA,0.043273
1996-08-27,FL,0.00809
1996-08-27,MN,0.010415
1996-08-27,TX,0.025531
1996-08-28,CA,0.021854
1996-08-28,FL,0.008768
1996-08-28,MN,0.00343
1996-08-28,TX,0.022555
1996-08-29,CA,0.014309
1996-08-29,FL,0.00869
1996-08-29,MN,0.00237
1996-08-29,TX,0.026586
1996-08-30,CA,0.022059
1996-08-30,FL,0.014089
1996-08-30,MN,0.003483
1996-08-30,TX,0.018017
1996-08-31,CA,0.030891
1996-08-31,FL,0.01284
1996-08-31,MN,0.015158
1996-08-31,TX,0.019749
1996-09-01,CA,0.035886
1996-09-01,FL,0.007994
1996-09-01,MN,0.054217
1996-09-01,TX,0.015959
1996-09-02,CA,0.041021
1996-09-02,FL,0.010495
1996-09-02,MN,0.036689
1996-09-02,TX,0.021082
1996-09-03,CA,0.038906
1996-09-03,FL,0.014718
1996-09-03,MN,0.00507
1996-09-03,TX,0.021819
1996-09-04,CA,0.056067
1996-09-04,FL,0.036633
1996-09-04,MN,0.006271
1996-09-04,TX,0.019803
1996-09-05,CA,0.044954
1996-09-05,FL,0.021872
1996-09-05,MN,0.106277
1996-09-05,TX,0.012877
1996-09-06,CA,0.021049
1996-09-06,FL,0.009669
1996-09-06,MN,0.061344
1996-09-06,TX,0.014302
1996-09-07,CA,0.016632
1996-09-07,FL,0.008361
1996-09-07,MN,0.004404
1996-09-07,TX,0.013486
1996-09-08,CA,0.016244
1996-09-08,FL,0.012393
1996-09-08,MN,0.004103
1996-09-08,TX,0.018836
1996-09-09,CA,0.019241
1996-09-09,FL,0.014839
1996-09-09,MN,0.00828
1996-09-09,TX,0.013793
1996-09-10,CA,0.024251
1996-09-10,FL,0.015035
1996-09-10,MN,0.022614
1996-09-10,TX,0.01294
1996-09-11,CA,0.040918
1996-09-11,FL,0.011013
1996-09-11,MN,0.040649
1996-09-11,TX,0.0109
1996-09-12,CA,0.051236
1996-09-12,FL,0.006472
1996-09-12,MN,0.017806
1996-09-12,TX,0.011926
1996-09-13,CA,0.063875
1996-09-13,FL,0.005898
1996-09-13,MN,0.011211
1996-09-13,TX,0.010744
1996-09-14,CA,0.052099
1996-09-14,FL,0.004335
1996-09-14,MN,0.004819
1996-09-14,TX,0.0217
1996-09-15,CA,0.061035
1996-09-15,FL,0.019557
1996-09-15,MN,0.001271
1996-09-15,TX,0.094054
1996-09-16,CA,0.08037
1996-09-16,FL,0.04177
1996-09-16,MN,0.011074
1996-09-16,TX,0.036946
1996-09-17,CA,0.032266
1996-09-17,FL,0.022752
1996-09-17,MN,0.014949
1996-09-17,TX,0.031343
1996-09-18,CA,0.033735
1996-09-18,FL,0.010301
1996-09-18,MN,0.01726
1996-09-18,TX,0.056426
1996-09-19,CA,0.017351
1996-09-19,FL,0.0134
1996-09-19,MN,0.043988
1996-09-19,TX,0.041753
1996-09-20,CA,0.015524
1996-09-20,FL,0.01252
1996-09-20,MN,0.073574
1996-09-20,TX,0.038382
1996-09-21,CA,0.023478
1996-09-21,FL,0.014302
1996-09-21,MN,0.020012
1996-09-21,TX,0.018458
1996-09-22,CA,0.037421
1996-09-22,FL,0.024035
1996-09-22,MN,0.011203
1996-09-22,TX,0.038349
1996-09-23,CA,0.021666
1996-09-23,FL,0.005943
1996-09-23,MN,0.012582
1996-09-23,TX,0.068972
1996-09-24,CA,0.022813
1996-09-24,FL,0.010743
1996-09-24,MN,0.009291
1996-09-24,TX,0.044618
1996-09-25,CA,0.018839
1996-09-25,FL,0.015191
1996-09-25,MN,0.011847
1996-09-25,TX,0.036148
1996-09-26,CA,0.032538
1996-09-26,FL,0.060595
1996-09-26,MN,0.055143
1996-09-26,TX,0.137141
1996-09-27,CA,0.028835
1996-09-27,FL,0.050761
1996-09-27,MN,0.052927
1996-09-27,TX,0.095468
1996-09-28,CA,0.013042
1996-09-28,FL,0.030059
1996-09-28,MN,0.062524
1996-09-28,TX,0.069629
1996-09-29,CA,0.011755
1996-09-29,FL,0.028936
1996-09-29,MN,0.012071
1996-09-29,TX,0.013648
1996-09-30,CA,0.026789
1996-09-30,FL,0.032495
1996-09-30,MN,0.015401
1996-09-30,TX,0.017993
1996-10-01,CA,0.029625
1996-10-01,FL,0.042277
1996-10-01,MN,0.066662
1996-10-01,TX,0.013881
1996-10-02,CA,0.022232
1996-10-02,FL,0.025392
1996-10-02,MN,0.149861
1996-10-02,TX,0.022302
1996-10-03,CA,0.016597
1996-10-03,FL,0.011772
1996-10-03,MN,0.011634
1996-10-03,TX,0.061602
1996-10-04,CA,0.014478
1996-10-04,FL,0.072498
1996-10-04,MN,0.052614
1996-10-04,TX,0.063828
1996-10-05,CA,0.011871
1996-10-05,FL,0.149763
1996-10-05,MN,0.093763
1996-10-05,TX,0.074099
1996-10-06,CA,0.00914
1996-10-06,FL,0.088007
1996-10-06,MN,0.089717
1996-10-06,TX,0.06084
1996-10-07,CA,0.011521
1996-10-07,FL,0.117222
1996-10-07,MN,0.006497
1996-10-07,TX,0.014845
1996-10-08,CA,0.007533
1996-10-08,FL,0.177041
1996-10-08,MN,0.005344
1996-10-08,TX,0.03419
1996-10-09,CA,0.018117
1996-10-09,FL,0.009207
1996-10-09,MN,0.061692
1996-10-09,TX,0.007682
1996-10-10,CA,0.029552
1996-10-10,FL,0.011886
1996-10-10,MN,0.013892
1996-10-10,TX,0.016429
1996-10-11,CA,0.017018
1996-10-11,FL,0.043372
1996-10-11,MN,0.116635
1996-10-11,TX,0.040591
1996-10-12,CA,0.023065
1996-10-12,FL,0.117771
1996-10-12,MN,0.00354
1996-10-12,TX,0.052622
1996-10-13,CA,0.030699
1996-10-13,FL,0.110104
1996-10-13,MN,0.009994
1996-10-13,TX,0.037884
1996-10-14,CA,0.02651
1996-10-14,FL,0.047447
1996-10-14,MN,0.151771
1996-10-14,TX,0.033715
1996-10-15,CA,0.026378
1996-10-15,FL,0.041825
1996-10-15,MN,0.054761
1996-10-15,TX,0.033903
1996-10-16,CA,0.057652
1996-10-16,FL,0.024837
1996-10-16,MN,0.009069
1996-10-16,TX,0.048056
1996-10-17,CA,0.025625
1996-10-17,FL,0.01079
1996-10-17,MN,0.275517
1996-10-17,TX,0.0762
1996-10-18,CA,0.03428
1996-10-18,FL,0.028377
1996-10-18,MN,0.249802
1996-10-18,TX,0.091885
1996-10-19,CA,0.099349
1996-10-19,FL,0.06523
1996-10-19,MN,0.105414
1996-10-19,TX,0.073887
1996-10-20,CA,0.071723
1996-10-20,FL,0.004828
1996-10-20,MN,0.112891
1996-10-20,TX,0.110471
1996-10-21,CA,0.096018
1996-10-21,FL,0.004137
1996-10-21,MN,0.057022
1996-10-21,TX,0.116144
1996-10-22,CA,0.026484
1996-10-22,FL,0.019927
1996-10-22,MN,0.033163
1996-10-22,TX,0.217325
1996-10-23,CA,0.025117
1996-10-23,FL,0.022046
1996-10-23,MN,0.097541
1996-10-23,TX,0.018455
1996-10-24,CA,0.044244
1996-10-24,FL,0.00395
1996-10-24,MN,0.02041
1996-10-24,TX,0.032119
1996-10-25,CA,0.160323
1996-10-25,FL,0.020194
1996-10-25,MN,0.037868
1996-10-25,TX,0.065193
1996-10-26,CA,0.16637
1996-10-26,FL,0.027291
1996-10-26,MN,0.101704
1996-10-26,TX,0.080018
1996-10-27,CA,0.098825
1996-10-27,FL,0.034627
1996-10-27,MN,0.172506
1996-10-27,TX,0.10109
1996-10-28,CA,0.03059
1996-10-28,FL,0.013466
1996-10-28,MN,0.019117
1996-10-28,TX,0.053295
1996-10-29,CA,0.07854
1996-10-29,FL,0.006008
1996-10-29,MN,0.072856
1996-10-29,TX,0.091006
1996-10-30,CA,0.034761
1996-10-30,FL,0.008207
1996-10-30,MN,0.544321
1996-10-30,TX,0.014753
1996-10-31,CA,0.011483
1996-10-31,FL,0.003699
1996-10-31,MN,0.206705
1996-10-31,TX,0.058706
1996-11-01,CA,0.027629
1996-11-01,FL,0.006931
1996-11-01,MN,0.071244
1996-11-01,TX,0.082442
1996-11-02,CA,0.027705
1996-11-02,FL,0.036763
1996-11-02,MN,0.026261
1996-11-02,TX,0.073959
1996-11-03,CA,0.021583
1996-11-03,FL,0.059247
1996-11-03,MN,0.021133
1996-11-03,TX,0.04218
1996-11-04,CA,0.014314
1996-11-04,FL,0.075901
1996-11-04,MN,0.025071
1996-11-04,TX,0.079588
1996-11-05,CA,0.040882
1996-11-05,FL,0.029481
1996-11-05,MN,0.005876
1996-11-05,TX,0.045662
1996-11-06,CA,0.036881
1996-11-06,FL,0.015758
1996-11-06,MN,0.072954
1996-11-06,TX,0.115578
1996-11-07,CA,0.019529
1996-11-07,FL,0.034177
1996-11-07,MN,0.063693
1996-11-07,TX,0.134428
1996-11-08,CA,0.034827
1996-11-08,FL,0.073424
1996-11-08,MN,0.098388
1996-11-08,TX,0.070757
1996-11-09,CA,0.025252
1996-11-09,FL,0.059406
1996-11-09,MN,0.106914
1996-11-09,TX,0.018729
1996-11-10,CA,0.007761
1996-11-10,FL,0.032347
1996-11-10,MN,0.107224
1996-11-10,TX,0.014822
1996-11-11,CA,0.004136
1996-11-11,FL,0.036958
1996-11-11,MN,0.029384
1996-11-11,TX,0.028152
1996-11-12,CA,0.002694
1996-11-12,FL,0.060956
1996-11-12,MN,0.003372
1996-11-12,TX,0.032503
1996-11-13,CA,0.008621
1996-11-13,FL,0.104554
1996-11-13,MN,0.002708
1996-11-13,TX,0.038177
1996-11-14,CA,0.035866
1996-11-14,FL,0.09926
1996-11-14,MN,0.051689
1996-11-14,TX,0.069531
1996-11-15,CA,0.075221
1996-11-15,FL,0.255316
1996-11-15,MN,0.183813
1996-11-15,TX,0.172111
1996-11-16,CA,0.035745
1996-11-16,FL,0.25354
1996-11-16,MN,0.058879
1996-11-16,TX,0.258153
1996-11-17,CA,0.072347
1996-11-17,FL,0.115314
1996-11-17,MN,0.280405
1996-11-17,TX,0.070101
1996-11-18,CA,0.066953
1996-11-18,FL,0.027442
1996-11-18,MN,0.049376
1996-11-18,TX,0.020515
1996-11-19,CA,0.098504
1996-11-19,FL,0.004292
1996-11-19,MN,0.003977
1996-11-19,TX,0.02771
1996-11-20,CA,0.03063
1996-11-20,FL,0.00299
1996-11-20,MN,0.031487
1996-11-20,TX,0.038941
1996-11-21,CA,0.01433
1996-11-21,FL,0.01076
1996-11-21,MN,0.012487
1996-11-21,TX,0.046883
1996-11-22,CA,0.061994
1996-11-22,FL,0.044696
1996-11-22,MN,0.002811
1996-11-22,TX,0.042376
1996-11-23,CA,0.026674
1996-11-23,FL,0.025106
1996-11-23,MN,0.023894
1996-11-23,TX,0.069757
1996-11-24,CA,0.004499
1996-11-24,FL,0.024456
1996-11-24,MN,0.020378
1996-11-24,TX,0.29325
1996-11-25,CA,0.009774
1996-11-25,FL,0.061698
1996-11-25,MN,0.011971
1996-11-25,TX,0.149927
1996-11-26,CA,0.05827
1996-11-26,FL,0.04613
1996-11-26,MN,0.007837
1996-11-26,TX,0.030559
1996-11-27,CA,0.073542
1996-11-27,FL,0.075107
1996-11-27,MN,0.013363
1996-11-27,TX,0.043572
1996-11-28,CA,0.036375
1996-11-28,FL,0.071787
1996-11-28,MN,0.040022
1996-11-28,TX,0.029428
1996-11-29,CA,0.108045
1996-11-29,FL,0.054046
1996-11-29,MN,0.03359
1996-11-29,TX,0.049749
1996-11-30,CA,0.026168
1996-11-30,FL,0.088256
1996-11-30,MN,0.084036
1996-11-30,TX,0.115711
1996-12-01,CA,0.044598
1996-12-01,FL,0.092572
1996-12-01,MN,0.086753
1996-12-01,TX,0.071485
1996-12-02,CA,0.030364
1996-12-02,FL,0.020987
1996-12-02,MN,0.00984
1996-12-02,TX,0.077335
1996-12-03,CA,0.007385
1996-12-03,FL,0.007221
1996-12-03,MN,0.003274
1996-12-03,TX,0.013031
1996-12-04,CA,0.016657
1996-12-04,FL,0.020258
1996-12-04,MN,0.040292
1996-12-04,TX,0.038714
1996-12-05,CA,0.066493
1996-12-05,FL,0.017605
1996-12-05,MN,0.008462
1996-12-05,TX,0.060432
1996-12-06,CA,0.065527
1996-12-06,FL,0.005026
1996-12-06,MN,0.02128
1996-12-06,TX,0.080274
1996-12-07,CA,0.030548
1996-12-07,FL,0.027994
1996-12-07,MN,0.09174
1996-12-07,TX,0.036529
1996-12-08,CA,0.033969
1996-12-08,FL,0.072776
1996-12-08,MN,0.130844
1996-12-08,TX,0.024649
1996-12-09,CA,0.073841
1996-12-09,FL,0.05426
1996-12-09,MN,0.06151
1996-12-09,TX,0.053027
1996-12-10,CA,0.143321
1996-12-10,FL,0.014031
1996-12-10,MN,0.019614
1996-12-10,TX,0.159917
1996-12-11,CA,0.04722
1996-12-11,FL,0.017556
1996-12-11,MN,0.051379
1996-12-11,TX,0.100432
1996-12-12,CA,0.025798
1996-12-12,FL,0.015943
1996-12-12,MN,0.036893
1996-12-12,TX,0.01819
1996-12-13,CA,0.043255
1996-12-13,FL,0.004394
1996-12-13,MN,0.006725
1996-12-13,TX,0.00618
1996-12-14,CA,0.079168
1996-12-14,FL,0.010251
1996-12-14,MN,0.011146
1996-12-14,TX,0.048585
1996-12-15,CA,0.118297
1996-12-15,FL,0.020022
1996-12-15,MN,0.146678
1996-12-15,TX,0.2171
1996-12-16,CA,0.015995
1996-12-16,FL,0.020728
1996-12-16,MN,0.085359
1996-12-16,TX,0.088704
1996-12-17,CA,0.06822
1996-12-17,FL,0.035975
1996-12-17,MN,0.109023
1996-12-17,TX,0.169902
1996-12-18,CA,0.0853
1996-12-18,FL,0.021208
1996-12-18,MN,0.270246
1996-12-18,TX,0.163386
1996-12-19,CA,0.009653
1996-12-19,FL,0.100816
1996-12-19,MN,0.110021
1996-12-19,TX,0.024422
1996-12-20,CA,0.010483
1996-12-20,FL,0.083707
1996-12-20,MN,0.070358
1996-12-20,TX,0.046158
1996-12-21,CA,0.046087
1996-12-21,FL,0.041232
1996-12-21,MN,0.121703
1996-12-21,TX,0.150656
1996-12-22,CA,0.139504
1996-12-22,FL,0.050903
1996-12-22,MN,0.029741
1996-12-22,TX,0.131545
1996-12-23,CA,0.042458
1996-12-23,FL,0.033786
1996-12-23,MN,0.07871
1996-12-23,TX,0.149547
1996-12-24,CA,0.01337
1996-12-24,FL,0.013607
1996-12-24,MN,0.180488
1996-12-24,TX,0.106739
1996-12-25,CA,0.007827
1996-12-25,FL,0.025406
1996-12-25,MN,0.008803
1996-12-25,TX,0.053743
1996-12-26,CA,0.028427
1996-12-26,FL,0.007891
1996-12-26,MN,0.005256
1996-12-26,TX,0.051069
1996-12-27,CA,0.063433
1996-12-27,FL,0.00434
1996-12-27,MN,0.015833
1996-12-27,TX,0.045407
1996-12-28,CA,0.030554
1996-12-28,FL,0.003908
1996-12-28,MN,0.018852
1996-12-28,TX,0.052833
1996-12-29,CA,0.126151
1996-12-29,FL,0.004617
1996-12-29,MN,0.017901
1996-12-29,TX,0.017546
1996-12-30,CA,0.069164
1996-12-30,FL,0.008515
1996-12-30,MN,0.008788
1996-12-30,TX,0.016863
1996-12-31,CA,0.100708
1996-12-31,FL,0.002679
1996-12-31,MN,0.077018
1996-12-31,TX,0.018601
1997-01-01,CA,0.130012
1997-01-01,FL,0.002052
1997-01-01,MN,0.066922
1997-01-01,TX,0.012192
1997-01-02,CA,0.048564
1997-01-02,FL,0.002721
1997-01-02,MN,0.018488
1997-01-02,TX,0.043939
1997-01-03,CA,0.073703
1997-01-03,FL,0.003979
1997-01-03,MN,0.011321
1997-01-03,TX,0.169927
1997-01-04,CA,0.014655
1997-01-04,FL,0.009282
1997-01-04,MN,0.122756
1997-01-04,TX,0.138892
1997-01-05,CA,0.040402
1997-01-05,FL,0.028383
1997-01-05,MN,0.302349
1997-01-05,TX,0.045185
1997-01-06,CA,0.159759
1997-01-06,FL,0.005262
1997-01-06,MN,0.074036
1997-01-06,TX,0.151207
1997-01-07,CA,0.054296
1997-01-07,FL,0.014817
1997-01-07,MN,0.016441
1997-01-07,TX,0.108985
1997-01-08,CA,0.007987
1997-01-08,FL,0.011796
1997-01-08,MN,0.037924
1997-01-08,TX,0.027808
1997-01-09,CA,0.002387
1997-01-09,FL,0.093414
1997-01-09,MN,0.043565
1997-01-09,TX,0.067697
1997-01-10,CA,0.010236
1997-01-10,FL,0.058832
1997-01-10,MN,0.301184
1997-01-10,TX,0.085782
1997-01-11,CA,0.013744
1997-01-11,FL,0.016678
1997-01-11,MN,0.189041
1997-01-11,TX,0.08515
1997-01-12,CA,0.026698
1997-01-12,FL,0.023829
1997-01-12,MN,0.103541
1997-01-12,TX,0.14269
1997-01-13,CA,0.094859
1997-01-13,FL,0.063299
1997-01-13,MN,0.029608
1997-01-13,TX,0.113454
1997-01-14,CA,0.030171
1997-01-14,FL,0.079064
1997-01-14,MN,0.020957
1997-01-14,TX,0.028181
1997-01-15,CA,0.02635
1997-01-15,FL,0.056797
1997-01-15,MN,0.151281
1997-01-15,TX,0.083332
1997-01-16,CA,0.021645
1997-01-16,FL,0.088688
1997-01-16,MN,0.356368
1997-01-16,TX,0.088443
1997-01-17,CA,0.027917
1997-01-17,FL,0.087694
1997-01-17,MN,0.077729
1997-01-17,TX,0.035977
1997-01-18,CA,0.02303
1997-01-18,FL,0.070543
1997-01-18,MN,0.036417
1997-01-18,TX,0.021482
1997-01-19,CA,0.012029
1997-01-19,FL,0.024028
1997-01-19,MN,0.038682
1997-01-19,TX,0.006223
